-- phpMyAdmin SQL Dump
-- version 4.9.2
-- https://www.phpmyadmin.net/
--
-- Host: 127.0.0.1:3306
-- Generation Time: Dec 27, 2019 at 01:29 AM
-- Server version: 10.2.27-MariaDB
-- PHP Version: 7.2.23

SET SQL_MODE = "NO_AUTO_VALUE_ON_ZERO";
SET AUTOCOMMIT = 0;
START TRANSACTION;
SET time_zone = "+00:00";


/*!40101 SET @OLD_CHARACTER_SET_CLIENT=@@CHARACTER_SET_CLIENT */;
/*!40101 SET @OLD_CHARACTER_SET_RESULTS=@@CHARACTER_SET_RESULTS */;
/*!40101 SET @OLD_COLLATION_CONNECTION=@@COLLATION_CONNECTION */;
/*!40101 SET NAMES utf8mb4 */;

--
-- Database: `u595962552_bdata`
--

-- --------------------------------------------------------

--
-- Table structure for table `categories`
--

CREATE TABLE `categories` (
  `id` int(10) UNSIGNED NOT NULL,
  `parent_id` int(10) UNSIGNED DEFAULT NULL,
  `order` int(11) NOT NULL DEFAULT 1,
  `name` varchar(255) COLLATE utf8mb4_unicode_ci NOT NULL,
  `slug` varchar(255) COLLATE utf8mb4_unicode_ci NOT NULL,
  `created_at` timestamp NULL DEFAULT NULL,
  `updated_at` timestamp NULL DEFAULT NULL
) ENGINE=InnoDB DEFAULT CHARSET=utf8mb4 COLLATE=utf8mb4_unicode_ci;

--
-- Dumping data for table `categories`
--

INSERT INTO `categories` (`id`, `parent_id`, `order`, `name`, `slug`, `created_at`, `updated_at`) VALUES
(1, NULL, 1, 'Category 1', 'category-1', '2019-04-21 21:59:29', '2019-04-21 21:59:29'),
(2, NULL, 1, 'Category 2', 'category-2', '2019-04-21 21:59:29', '2019-04-21 21:59:29');

-- --------------------------------------------------------

--
-- Table structure for table `columns`
--

CREATE TABLE `columns` (
  `id` int(10) UNSIGNED NOT NULL,
  `name` varchar(255) COLLATE utf8mb4_unicode_ci NOT NULL,
  `created_at` timestamp NULL DEFAULT NULL,
  `updated_at` timestamp NULL DEFAULT NULL
) ENGINE=InnoDB DEFAULT CHARSET=utf8mb4 COLLATE=utf8mb4_unicode_ci;

--
-- Dumping data for table `columns`
--

INSERT INTO `columns` (`id`, `name`, `created_at`, `updated_at`) VALUES
(1, 'Jenis Kelamin', '2019-08-25 13:06:18', '2019-08-25 13:06:18'),
(2, 'Jumlah', '2019-08-25 13:11:03', '2019-08-25 13:11:03'),
(3, 'Pusat Layanan Internet Kecamatan', '2019-08-25 13:35:25', '2019-08-25 13:35:25'),
(4, 'Tingkat Kewenangan Pemerintahan', '2019-08-25 13:37:48', '2019-08-25 13:37:48'),
(5, 'Siswa', '2019-08-26 00:52:26', '2019-08-26 00:52:26'),
(6, 'Tenaga Pendidik', '2019-08-26 00:53:08', '2019-08-26 00:53:08'),
(7, 'Rasio', '2019-08-26 00:53:20', '2019-08-26 00:53:20'),
(8, 'Kelompok Usia', '2019-08-26 00:59:34', '2019-08-26 00:59:34'),
(9, 'Kelompok Umur', '2019-08-26 01:04:00', '2019-08-26 01:04:00'),
(10, 'Tidak Tamat Pendidikan', '2019-08-26 01:06:27', '2019-08-26 01:08:21'),
(11, 'Tamat Pendidikan', '2019-08-26 01:09:25', '2019-08-26 01:09:25'),
(12, 'Diploma', '2019-08-26 01:42:37', '2019-08-26 01:42:37'),
(13, 'Sarjana S1', '2019-08-26 01:43:02', '2019-08-26 01:43:02'),
(14, 'Magister S2', '2019-08-26 01:43:33', '2019-08-26 01:43:33'),
(15, 'Doktor S3', '2019-08-26 01:44:00', '2019-08-26 01:44:00'),
(16, 'Status Perkawinan dan Rumah Tangga', '2019-08-26 01:46:33', '2019-08-26 01:47:43'),
(17, 'Islam', '2019-08-26 01:48:41', '2019-08-26 01:48:41'),
(18, 'Kristen', '2019-08-26 01:49:17', '2019-08-26 01:49:17'),
(19, 'Budha', '2019-08-26 01:49:47', '2019-08-26 01:49:47'),
(20, 'Hindu', '2019-08-26 01:50:44', '2019-08-26 01:50:44'),
(21, 'Kong Hu Cu', '2019-08-26 01:51:02', '2019-08-26 01:51:02'),
(22, 'Katolik', '2019-08-26 01:53:24', '2019-08-26 01:53:24'),
(23, 'Migrasi Penduduk', '2019-08-26 01:55:53', '2019-08-26 01:55:53'),
(24, 'Penduduk Wajib KTP', '2019-08-26 02:04:22', '2019-08-26 02:04:22'),
(25, 'E-KTP', '2019-08-26 02:04:47', '2019-08-26 02:04:47'),
(26, 'Kartu Keluarga', '2019-08-26 02:06:24', '2019-08-26 02:06:24'),
(27, 'Akta Kelahiran', '2019-08-26 02:06:50', '2019-08-26 02:06:50'),
(28, 'Bimbingan Teknis', '2019-08-26 02:45:25', '2019-08-26 02:46:13'),
(29, 'Supervisi', '2019-08-26 02:46:00', '2019-08-26 02:46:00'),
(30, 'KOMODITAS PANGAN NABATI', '2019-08-26 08:00:35', '2019-08-26 08:00:35'),
(31, 'KOMODITAS PANGAN HEWAN', '2019-08-26 08:01:25', '2019-08-26 08:13:21'),
(32, 'KETERSEDIAAN ENERGI & PROTEIN', '2019-08-26 08:15:46', '2019-08-26 08:15:46'),
(33, 'RATA-RATA KONSUMSI ENERGI & PROTEIN', '2019-08-26 08:16:37', '2019-08-26 08:16:37'),
(34, 'MILIK PEMERINTAH', '2019-08-26 08:38:13', '2019-08-26 08:38:13'),
(35, 'MILIK SWASTA', '2019-08-26 08:39:00', '2019-08-26 08:39:00'),
(36, 'PADI-PADIAN', '2019-08-26 08:42:17', '2019-08-26 08:42:17'),
(37, 'UMBI-UMBIAN', '2019-08-26 08:43:44', '2019-08-26 08:43:44'),
(38, 'PANGAN HEWANI', '2019-08-26 08:45:55', '2019-08-26 08:45:55'),
(39, 'MINYAK & LEMAK', '2019-08-26 08:47:02', '2019-08-26 08:47:02'),
(40, 'KACANG-KACANGAN', '2019-08-26 08:48:06', '2019-08-26 08:48:06'),
(41, 'GULA', '2019-08-26 08:48:52', '2019-08-26 08:48:52'),
(42, 'SAYURAN DAN BUAH', '2019-08-26 08:49:32', '2019-08-26 08:49:32'),
(43, 'LAIN-LAIN', '2019-08-26 08:50:08', '2019-08-26 08:50:08'),
(44, 'ANGKATAN KERJA', '2019-08-28 01:26:35', '2019-08-28 05:26:34'),
(47, 'PEKERJA DIFABEL (orang)', '2019-08-28 01:34:39', '2019-08-28 01:34:39'),
(49, 'PEKERJA DIFABEL', '2019-08-28 01:35:31', '2019-08-28 01:35:31'),
(51, 'PEKERJA DIBAWAH UMUR (<18 TAHUN)', '2019-08-28 01:37:47', '2019-08-28 01:37:47'),
(52, 'TIDAK BERSEKOLAH', '2019-08-28 05:36:24', '2019-08-28 05:36:24'),
(53, 'TAMATAN SD/SEDERAJAT', '2019-08-28 05:36:45', '2019-08-28 05:36:45'),
(54, 'TAMATAN SMP/SEDERAJAT', '2019-08-28 05:37:24', '2019-08-28 05:37:24'),
(55, 'TAMATAN SMA/SEDERAJAT', '2019-08-28 05:37:36', '2019-08-28 05:37:36'),
(56, 'TAMATAN DIPLOMA I/II/III', '2019-08-28 05:38:07', '2019-08-28 05:38:07'),
(57, 'TAMATAN S1', '2019-08-28 05:38:29', '2019-08-28 05:38:29'),
(58, 'TAMATAN S2', '2019-08-28 05:38:42', '2019-08-28 05:38:42'),
(62, 'JUMLAH TOTAL', '2019-08-28 05:56:01', '2019-08-28 05:56:01'),
(63, 'Padi Sawah', NULL, NULL),
(64, 'Padi Ladang', NULL, NULL),
(65, 'Jenis Kelamin dan Total', NULL, NULL),
(66, 'Tingkat Pendidikan', NULL, NULL),
(67, 'Jumlah Sekolah, Guru, dan Murid Raudatul Athfal (RA)', NULL, NULL),
(68, 'Jumlah Sekolah', NULL, NULL),
(69, 'Kawasan Hutan', NULL, NULL),
(70, 'Bukan Kawasan Hutan', NULL, NULL),
(71, 'Jumlah Guru', NULL, NULL),
(72, 'Jumlah Murid', NULL, NULL),
(73, 'Tenaga Kesehatan', NULL, NULL),
(74, 'Jenis Penyakit', NULL, NULL),
(75, 'Daya Terpasang', NULL, NULL),
(76, 'Produksi Listrik', NULL, NULL),
(77, 'Listrik Terjual', NULL, NULL),
(78, 'Dipakai Sendiri', NULL, NULL),
(79, 'Susut/Hilang', NULL, NULL),
(80, 'Jumlah KKB dan PPKBD', NULL, NULL),
(81, 'Perikanan Tangkap di Laut', NULL, NULL),
(82, 'Perikanan Perairan Umum Daratan', NULL, NULL),
(83, 'Perikanan Tangkap', NULL, NULL),
(87, 'Kejadian Bencana Alam', NULL, NULL),
(88, 'Izin Usaha Pertambangan', NULL, NULL),
(89, 'Wilayah Izin Usaha Pertambangan', NULL, NULL),
(90, 'Jaring Apung Laut', NULL, NULL),
(91, 'Jaring Apung Tawar', NULL, NULL),
(92, 'Jaring Tancap Tawar', NULL, NULL),
(93, 'Karamba', NULL, NULL),
(94, 'Kolam Air Deras', NULL, NULL),
(95, 'Kolam Air Tenang', NULL, NULL),
(96, 'Laut Lainnya', NULL, NULL),
(97, 'Minapadi', NULL, NULL),
(98, 'Rumput Laut', NULL, NULL),
(99, 'Tambak Intensif', NULL, NULL),
(100, 'Tambak Sederhana', NULL, NULL),
(101, 'Tambak Semi Intensif', NULL, NULL),
(102, 'Jenis Wisata', NULL, NULL),
(108, 'Polio', NULL, NULL),
(109, 'DPT', NULL, NULL),
(110, 'BCG', NULL, NULL),
(111, 'Campak', NULL, NULL),
(112, 'Aparat Keamanan Terantibum', NULL, NULL),
(113, 'Sarana Keamanan Terantibum', NULL, NULL),
(114, 'Kendaraan Operasional', NULL, NULL),
(115, 'Jenis Kendaraan', NULL, NULL),
(117, 'Jenis Permukaan Jalan', NULL, NULL),
(118, 'Kondisi Jalan', NULL, NULL),
(119, 'Tipe Terminal', NULL, NULL),
(120, 'Surat', NULL, NULL),
(121, 'Barang', NULL, NULL),
(122, 'Wesel', NULL, NULL),
(125, 'Jumlah Penerima Bantuan', NULL, NULL),
(126, 'Jumlah Anggaran', NULL, NULL),
(127, 'Penyandang Masalah Kesejahteraan Sosial', NULL, NULL),
(128, 'Jumlah', NULL, NULL),
(129, 'Kelompok Usaha Bersama yang Mendapat Bantuan dari Dinas Sosial', NULL, NULL),
(130, 'Kondisi Karang Taruna', NULL, NULL),
(131, 'Jumlah keputusan', NULL, NULL),
(132, 'Biro dan Agen Perjalanan Wisata', NULL, NULL),
(133, 'Pemandu Wisata', NULL, NULL),
(134, 'Agama', NULL, NULL),
(135, 'Tempat Peribadatan', NULL, NULL),
(136, 'Jenis Usaha Jasa Makanan/Minuman', NULL, NULL),
(137, 'Penerimaan Dari Pariwisata', NULL, NULL),
(138, 'Jumlah PUS', NULL, NULL),
(139, 'Peserta KB Aktif', NULL, NULL),
(140, 'Jenis Unggas', NULL, NULL),
(141, 'Akseptor', NULL, NULL),
(142, 'Jenis Budidaya Perikanan', NULL, NULL),
(143, 'Jenis Ternak', NULL, NULL),
(144, 'Jenis Sapi', NULL, NULL),
(145, 'Kerbau', NULL, NULL),
(146, 'Belum Mendapat Sambungan Listrik', NULL, NULL),
(147, 'Jenis Tanaman Perkebunan', NULL, NULL),
(148, 'Sambungan Listrik Terbatas Waktu', NULL, NULL),
(149, 'Jenis Ternak Lainnya', NULL, NULL),
(150, 'Koneksi Jaringan FO', NULL, NULL),
(162, 'Jumlah', NULL, NULL),
(163, 'Jumlah Kecamatan', NULL, NULL),
(164, 'Jumlah Desa/Kelurahan', NULL, NULL),
(165, 'Jumlah TPS', NULL, NULL),
(166, 'Jumlah Pemilih', NULL, NULL),
(167, 'Status Penguasaan Bangunan Tempat Tinggal', NULL, NULL),
(168, 'Milik Sendiri', NULL, NULL),
(169, 'Kontrak/Sewa', NULL, NULL),
(170, 'Bebas Sewa', NULL, NULL),
(171, 'Dinas', NULL, NULL),
(172, 'Lainnya', NULL, NULL),
(173, 'SULAWESI BARAT', NULL, NULL),
(174, 'JUMLAH SUARA', NULL, NULL),
(175, 'JUMLAH SUARA', NULL, NULL),
(176, 'imb', NULL, NULL),
(177, 'Uraian', NULL, NULL),
(178, 'Uraian', NULL, NULL),
(179, 'Perda', NULL, NULL),
(180, 'Peraturan Gubernur', NULL, NULL),
(181, 'Keputusan Gubernur', NULL, NULL),
(182, 'NAMA PENGURUS', NULL, NULL),
(183, 'IDENTITAS ORMAS', NULL, NULL),
(184, 'Kasus', NULL, NULL),
(185, 'Korban', NULL, NULL),
(186, 'Terlayani', NULL, NULL),
(187, 'Kasus', NULL, NULL),
(188, 'Korban', NULL, NULL),
(189, 'Terlayani', NULL, NULL);

-- --------------------------------------------------------

--
-- Table structure for table `column_details`
--

CREATE TABLE `column_details` (
  `id` int(10) UNSIGNED NOT NULL,
  `name` varchar(255) COLLATE utf8mb4_unicode_ci NOT NULL,
  `column_id` int(10) UNSIGNED NOT NULL,
  `created_at` timestamp NULL DEFAULT NULL,
  `updated_at` timestamp NULL DEFAULT NULL
) ENGINE=InnoDB DEFAULT CHARSET=utf8mb4 COLLATE=utf8mb4_unicode_ci;

--
-- Dumping data for table `column_details`
--

INSERT INTO `column_details` (`id`, `name`, `column_id`, `created_at`, `updated_at`) VALUES
(1, 'Laki-Laki', 1, '2019-08-25 13:06:18', '2019-08-25 13:06:18'),
(2, 'Perempuan', 1, '2019-08-25 13:06:18', '2019-08-25 13:06:18'),
(3, 'Total', 1, '2019-08-25 13:06:18', '2019-08-25 13:06:18'),
(4, 'Jumlah', 2, '2019-08-25 13:11:03', '2019-08-25 13:11:03'),
(5, 'Jumlah', 3, '2019-08-25 13:35:25', '2019-08-25 13:35:25'),
(6, 'Akhir Tahun', 4, '2019-08-25 13:37:48', '2019-08-25 13:37:48'),
(7, 'Negara', 4, '2019-08-25 13:37:48', '2019-08-25 13:37:48'),
(8, 'Provinsi', 4, '2019-08-25 13:37:48', '2019-08-25 13:37:48'),
(9, 'Kabupaten', 4, '2019-08-25 13:37:48', '2019-08-25 13:37:48'),
(10, 'Jumlah', 4, '2019-08-25 13:37:48', '2019-08-25 13:37:48'),
(11, 'Orang', 5, '2019-08-26 00:52:26', '2019-08-26 00:52:26'),
(12, 'Tenaga Pendidik Bersertifikat', 6, '2019-08-26 00:53:08', '2019-08-26 00:53:08'),
(13, 'Tenaga Pendidik Tidak Bersertifikat', 6, '2019-08-26 00:53:08', '2019-08-26 00:53:08'),
(14, 'Jumlah', 6, '2019-08-26 00:53:08', '2019-08-26 00:53:08'),
(15, 'Rasio', 7, '2019-08-26 00:53:20', '2019-08-26 00:53:20'),
(16, 'Usia Muda', 8, '2019-08-26 00:59:34', '2019-08-26 00:59:34'),
(17, 'Usia Produktif', 8, '2019-08-26 00:59:34', '2019-08-26 00:59:34'),
(18, 'Usia Tua', 8, '2019-08-26 00:59:34', '2019-08-26 00:59:34'),
(19, 'Jumlah', 8, '2019-08-26 00:59:34', '2019-08-26 00:59:34'),
(20, '0-4 Tahun (orang)', 9, '2019-08-26 01:04:00', '2019-08-26 01:04:00'),
(21, '5-9 Tahun (orang)', 9, '2019-08-26 01:04:00', '2019-08-26 01:04:00'),
(22, '10-14 Tahun (orang)', 9, '2019-08-26 01:04:00', '2019-08-26 01:04:00'),
(23, '15-19 Tahun (orang)', 9, '2019-08-26 01:04:00', '2019-08-26 01:04:00'),
(24, '20-24 Tahun (orang)', 9, '2019-08-26 01:04:00', '2019-08-26 01:04:00'),
(25, '25-29 Tahun (orang)', 9, '2019-08-26 01:04:00', '2019-08-26 01:04:00'),
(26, '30-34 Tahun (orang)', 9, '2019-08-26 01:04:00', '2019-08-26 01:04:00'),
(27, '35-39 Tahun (orang)', 9, '2019-08-26 01:04:00', '2019-08-26 01:04:00'),
(28, '40-44 Tahun (orang)', 9, '2019-08-26 01:04:00', '2019-08-26 01:04:00'),
(29, '45-49 Tahun (orang)', 9, '2019-08-26 01:04:00', '2019-08-26 01:04:00'),
(30, '50-54 Tahun (orang)', 9, '2019-08-26 01:04:00', '2019-08-26 01:04:00'),
(31, '55-59 Tahun (orang)', 9, '2019-08-26 01:04:00', '2019-08-26 01:04:00'),
(32, '60-64 Tahun (orang)', 9, '2019-08-26 01:04:00', '2019-08-26 01:04:00'),
(33, '65-69 Tahun (orang)', 9, '2019-08-26 01:04:00', '2019-08-26 01:04:00'),
(34, '70-74 Tahun (orang)', 9, '2019-08-26 01:04:00', '2019-08-26 01:04:00'),
(35, '> 75 Tahun (orang)', 9, '2019-08-26 01:04:00', '2019-08-26 01:04:00'),
(36, 'Jumlah (orang)', 9, '2019-08-26 01:04:00', '2019-08-26 01:04:00'),
(39, 'Laki-Laki (orang)', 10, '2019-08-26 01:08:21', '2019-08-26 01:08:21'),
(40, 'Perempuan (orang)', 10, '2019-08-26 01:08:21', '2019-08-26 01:08:21'),
(41, 'Jumlah (orang)', 10, '2019-08-26 01:08:21', '2019-08-26 01:08:21'),
(42, 'Laki-Laki (orang)', 11, '2019-08-26 01:09:25', '2019-08-26 01:09:25'),
(43, 'Perempuan (orang)', 11, '2019-08-26 01:09:25', '2019-08-26 01:09:25'),
(44, 'Jumlah (orang)', 11, '2019-08-26 01:09:25', '2019-08-26 01:09:25'),
(45, 'Laki-Laki (orang)', 12, '2019-08-26 01:42:37', '2019-08-26 01:42:37'),
(46, 'Perempuan (orang)', 12, '2019-08-26 01:42:37', '2019-08-26 01:42:37'),
(47, 'Jumlah (orang)', 12, '2019-08-26 01:42:37', '2019-08-26 01:42:37'),
(48, 'Laki-Laki (orang)', 13, '2019-08-26 01:43:02', '2019-08-26 01:43:02'),
(49, 'Perempuan (orang)', 13, '2019-08-26 01:43:02', '2019-08-26 01:43:02'),
(50, 'Jumlah (orang)', 13, '2019-08-26 01:43:02', '2019-08-26 01:43:02'),
(51, 'Laki-Laki (orang)', 14, '2019-08-26 01:43:33', '2019-08-26 01:43:33'),
(52, 'Perempuan (orang)', 14, '2019-08-26 01:43:33', '2019-08-26 01:43:33'),
(53, 'Jumlah (orang)', 14, '2019-08-26 01:43:33', '2019-08-26 01:43:33'),
(54, 'Laki-Laki (orang)', 15, '2019-08-26 01:44:00', '2019-08-26 01:44:00'),
(55, 'Perempuan (orang)', 15, '2019-08-26 01:44:00', '2019-08-26 01:44:00'),
(56, 'Jumlah (orang)', 15, '2019-08-26 01:44:00', '2019-08-26 01:44:00'),
(62, 'Belum Kawin (orang)', 16, '2019-08-26 01:47:43', '2019-08-26 01:47:43'),
(63, 'Sudah Kawin (orang)', 16, '2019-08-26 01:47:43', '2019-08-26 01:47:43'),
(64, 'Cerai Hidup (orang)', 16, '2019-08-26 01:47:43', '2019-08-26 01:47:43'),
(65, 'Cerai Mati (orang)', 16, '2019-08-26 01:47:43', '2019-08-26 01:47:43'),
(66, 'Rumah Tangga (RT)', 16, '2019-08-26 01:47:43', '2019-08-26 01:47:43'),
(67, 'Laki-Laki (orang)', 17, '2019-08-26 01:48:41', '2019-08-26 01:48:41'),
(68, 'Perempuan (orang)', 17, '2019-08-26 01:48:41', '2019-08-26 01:48:41'),
(69, 'Jumlah (orang)', 17, '2019-08-26 01:48:41', '2019-08-26 01:48:41'),
(70, 'Laki-Laki (orang)', 18, '2019-08-26 01:49:17', '2019-08-26 01:49:17'),
(71, 'Perempuan (orang)', 18, '2019-08-26 01:49:17', '2019-08-26 01:49:17'),
(72, 'Jumlah (orang)', 18, '2019-08-26 01:49:17', '2019-08-26 01:49:17'),
(73, 'Laki-Laki (orang)', 19, '2019-08-26 01:49:47', '2019-08-26 01:49:47'),
(74, 'Perempuan (orang)', 19, '2019-08-26 01:49:47', '2019-08-26 01:49:47'),
(75, 'Jumlah (orang)', 19, '2019-08-26 01:49:47', '2019-08-26 01:49:47'),
(76, 'Laki-Laki (orang)', 20, '2019-08-26 01:50:44', '2019-08-26 01:50:44'),
(77, 'Perempuan (orang)', 20, '2019-08-26 01:50:44', '2019-08-26 01:50:44'),
(78, 'Jumlah (orang)', 20, '2019-08-26 01:50:44', '2019-08-26 01:50:44'),
(79, 'Laki-Laki (orang)', 21, '2019-08-26 01:51:02', '2019-08-26 01:51:02'),
(80, 'Perempuan (orang)', 21, '2019-08-26 01:51:02', '2019-08-26 01:51:02'),
(81, 'Jumlah (orang)', 21, '2019-08-26 01:51:02', '2019-08-26 01:51:02'),
(82, 'Laki-Laki (orang)', 22, '2019-08-26 01:53:24', '2019-08-26 01:53:24'),
(83, 'Perempuan (orang)', 22, '2019-08-26 01:53:24', '2019-08-26 01:53:24'),
(84, 'Jumlah (orang)', 22, '2019-08-26 01:53:24', '2019-08-26 01:53:24'),
(85, 'Migrasi Masuk (orang)', 23, '2019-08-26 01:55:53', '2019-08-26 01:55:53'),
(86, 'Migrasi Keluar (orang)', 23, '2019-08-26 01:55:53', '2019-08-26 01:55:53'),
(87, 'Orang', 24, '2019-08-26 02:04:22', '2019-08-26 02:04:22'),
(88, 'Sudah (orang)', 25, '2019-08-26 02:04:47', '2019-08-26 02:04:47'),
(89, 'Belum (orang)', 25, '2019-08-26 02:04:47', '2019-08-26 02:04:47'),
(90, 'Sudah (orang)', 26, '2019-08-26 02:06:24', '2019-08-26 02:06:24'),
(91, 'Belum (orang)', 26, '2019-08-26 02:06:24', '2019-08-26 02:06:24'),
(92, 'Sudah (orang)', 27, '2019-08-26 02:06:50', '2019-08-26 02:06:50'),
(93, 'Belum (orang)', 27, '2019-08-26 02:06:50', '2019-08-26 02:06:50'),
(96, 'Perangkat Daerah (unit)', 29, '2019-08-26 02:46:01', '2019-08-26 02:46:01'),
(97, 'BUMD (unit)', 29, '2019-08-26 02:46:01', '2019-08-26 02:46:01'),
(98, 'Perangkat Daerah (unit)', 28, '2019-08-26 02:46:13', '2019-08-26 02:46:13'),
(99, 'BUMD (unit)', 28, '2019-08-26 02:46:13', '2019-08-26 02:46:13'),
(100, 'BERAS (ton)', 30, '2019-08-26 08:00:35', '2019-08-26 08:00:35'),
(101, 'JAGUNG (ton)', 30, '2019-08-26 08:00:35', '2019-08-26 08:00:35'),
(102, 'KEDELAI (ton)', 30, '2019-08-26 08:00:35', '2019-08-26 08:00:35'),
(103, 'KACANG TANAH (ton)', 30, '2019-08-26 08:00:35', '2019-08-26 08:00:35'),
(104, 'UBI KAYU (ton)', 30, '2019-08-26 08:00:35', '2019-08-26 08:00:35'),
(105, 'UBI JALAR (ton)', 30, '2019-08-26 08:00:35', '2019-08-26 08:00:35'),
(106, 'SAYUR (ton)', 30, '2019-08-26 08:00:35', '2019-08-26 08:00:35'),
(107, 'BUAH-BUAHAN (ton)', 30, '2019-08-26 08:00:35', '2019-08-26 08:00:35'),
(108, 'MINYAK GORENG (ton)', 30, '2019-08-26 08:00:35', '2019-08-26 08:00:35'),
(109, 'GULA (ton)', 30, '2019-08-26 08:00:35', '2019-08-26 08:00:35'),
(115, 'DAGING SAPI & KERBAU (ton)', 31, '2019-08-26 08:13:21', '2019-08-26 08:13:21'),
(116, 'DAGING AYAM (ton)', 31, '2019-08-26 08:13:21', '2019-08-26 08:13:21'),
(117, 'TELUR (ton)', 31, '2019-08-26 08:13:21', '2019-08-26 08:13:21'),
(118, 'SUSU (ton)', 31, '2019-08-26 08:13:21', '2019-08-26 08:13:21'),
(119, 'IKAN (ton)', 31, '2019-08-26 08:13:21', '2019-08-26 08:13:21'),
(120, 'ENERGI (kap/kal/hari)', 32, '2019-08-26 08:15:46', '2019-08-26 08:15:46'),
(121, 'PROTEIN (kal/kap/hari)', 32, '2019-08-26 08:15:46', '2019-08-26 08:15:46'),
(122, 'ENERGI (kap/kal/hari)', 33, '2019-08-26 08:16:37', '2019-08-26 08:16:37'),
(123, 'PROTEIN (kal/kap/hari)', 33, '2019-08-26 08:16:37', '2019-08-26 08:16:37'),
(124, 'BAIK (unit)', 34, '2019-08-26 08:38:13', '2019-08-26 08:38:13'),
(125, 'BURUK (unit)', 34, '2019-08-26 08:38:13', '2019-08-26 08:38:13'),
(126, 'JUMLAH (unit)', 34, '2019-08-26 08:38:13', '2019-08-26 08:38:13'),
(127, 'BAIK (unit)', 35, '2019-08-26 08:39:00', '2019-08-26 08:39:00'),
(128, 'BURUK (unit)', 35, '2019-08-26 08:39:00', '2019-08-26 08:39:00'),
(129, 'JUMLAH (unit)', 35, '2019-08-26 08:39:00', '2019-08-26 08:39:00'),
(130, 'BERAS (kg)', 36, '2019-08-26 08:42:17', '2019-08-26 08:42:17'),
(131, 'JAGUNG (kg)', 36, '2019-08-26 08:42:17', '2019-08-26 08:42:17'),
(132, 'TERIGU (kg)', 36, '2019-08-26 08:42:17', '2019-08-26 08:42:17'),
(133, 'SINGKONG (kg)', 37, '2019-08-26 08:43:44', '2019-08-26 08:43:44'),
(134, 'UBI JALAR (kg)', 37, '2019-08-26 08:43:44', '2019-08-26 08:43:44'),
(135, 'KENTANG (kg)', 37, '2019-08-26 08:43:44', '2019-08-26 08:43:44'),
(136, 'SAGU (kg)', 37, '2019-08-26 08:43:44', '2019-08-26 08:43:44'),
(137, 'UMBI LAINNYA (kg)', 37, '2019-08-26 08:43:44', '2019-08-26 08:43:44'),
(138, 'DAGING RUMINANSIA (kg)', 38, '2019-08-26 08:45:55', '2019-08-26 08:45:55'),
(139, 'DAGING UNGGAS (kg)', 38, '2019-08-26 08:45:55', '2019-08-26 08:45:55'),
(140, 'TELUR (kg)', 38, '2019-08-26 08:45:55', '2019-08-26 08:45:55'),
(141, 'SUSU (kg)', 38, '2019-08-26 08:45:55', '2019-08-26 08:45:55'),
(142, 'IKAN (kg)', 38, '2019-08-26 08:45:55', '2019-08-26 08:45:55'),
(143, 'MINYAK KELAPA (liter)', 39, '2019-08-26 08:47:02', '2019-08-26 08:47:02'),
(144, 'MINYAK SAWIT (liter)', 39, '2019-08-26 08:47:02', '2019-08-26 08:47:02'),
(145, 'MINYAK LAINNYA (liter)', 39, '2019-08-26 08:47:02', '2019-08-26 08:47:02'),
(146, 'KEDELAI (kg)', 40, '2019-08-26 08:48:06', '2019-08-26 08:48:06'),
(147, 'KACANG TANAH (kg)', 40, '2019-08-26 08:48:07', '2019-08-26 08:48:07'),
(148, 'KACANG HIJAU (kg)', 40, '2019-08-26 08:48:07', '2019-08-26 08:48:07'),
(149, 'KANCANG LAINNYA (kg)', 40, '2019-08-26 08:48:07', '2019-08-26 08:48:07'),
(150, 'GULA PASIR (kg)', 41, '2019-08-26 08:48:52', '2019-08-26 08:48:52'),
(151, 'GULA MERAH (kg)', 41, '2019-08-26 08:48:52', '2019-08-26 08:48:52'),
(152, 'SAYUR (kg)', 42, '2019-08-26 08:49:32', '2019-08-26 08:49:32'),
(153, 'BUAH (kg)', 42, '2019-08-26 08:49:32', '2019-08-26 08:49:32'),
(154, 'MINUMAN (liter)', 43, '2019-08-26 08:50:08', '2019-08-26 08:50:08'),
(155, 'BUMBU-BUMBUAN (kg)', 43, '2019-08-26 08:50:08', '2019-08-26 08:50:08'),
(166, '(orang)', 49, '2019-08-28 01:35:31', '2019-08-28 01:35:31'),
(167, '(orang)', 51, '2019-08-28 01:37:47', '2019-08-28 01:37:47'),
(168, 'LAKI-LAKI', 44, '2019-08-28 05:26:34', '2019-08-28 05:26:34'),
(169, 'PEREMPUAN', 44, '2019-08-28 05:26:34', '2019-08-28 05:26:34'),
(170, 'JUMLAH', 44, '2019-08-28 05:26:34', '2019-08-28 05:26:34'),
(171, '(orang)', 52, '2019-08-28 05:36:24', '2019-08-28 05:36:24'),
(172, '(orang)', 53, '2019-08-28 05:36:45', '2019-08-28 05:36:45'),
(173, '(orang)', 54, '2019-08-28 05:37:24', '2019-08-28 05:37:24'),
(174, '(orang)', 55, '2019-08-28 05:37:36', '2019-08-28 05:37:36'),
(175, '(orang)', 56, '2019-08-28 05:38:07', '2019-08-28 05:38:07'),
(176, '(orang)', 57, '2019-08-28 05:38:29', '2019-08-28 05:38:29'),
(177, '(orang)', 58, '2019-08-28 05:38:42', '2019-08-28 05:38:42'),
(178, '(orang)', 2, '2019-08-28 05:39:01', '2019-08-28 05:39:01'),
(179, '(orang)', 2, '2019-08-28 05:42:52', '2019-08-28 05:42:52'),
(180, '(orang)', 2, '2019-08-28 05:50:07', '2019-08-28 05:50:07'),
(181, '(orang)', 62, '2019-08-28 05:56:01', '2019-08-28 05:56:01'),
(182, 'Luas Panen (Ha)', 63, '2019-10-09 08:38:25', '2019-10-09 08:38:25'),
(183, 'Produksi (Ton)', 63, '2019-10-09 08:38:25', '2019-10-09 08:38:25'),
(184, 'Produktivitas (kw/ha)', 63, '2019-10-09 08:38:25', '2019-10-09 08:38:25'),
(185, 'Luas Panen (Ha)', 64, '2019-10-09 08:39:15', '2019-10-09 08:39:15'),
(186, 'Produksi (Ton)', 64, '2019-10-09 08:39:15', '2019-10-09 08:39:15'),
(187, 'Produktivitas (kw/ha)', 64, '2019-10-09 08:39:15', '2019-10-09 08:39:15'),
(191, 'SLTA', 66, '2019-10-09 09:03:53', '2019-10-09 09:03:53'),
(192, 'D3', 66, '2019-10-09 09:03:53', '2019-10-09 09:03:53'),
(193, 'S1', 66, '2019-10-09 09:03:53', '2019-10-09 09:03:53'),
(194, 'S2/S3', 66, '2019-10-09 09:03:53', '2019-10-09 09:03:53'),
(195, 'Jumlah', 66, '2019-10-09 09:03:53', '2019-10-09 09:03:53'),
(196, 'Sekolah', 67, '2019-10-09 09:24:59', '2019-10-09 09:24:59'),
(197, 'Guru', 67, '2019-10-09 09:24:59', '2019-10-09 09:24:59'),
(198, 'Siswa', 67, '2019-10-09 09:24:59', '2019-10-09 09:24:59'),
(202, 'Negeri', 68, '2019-10-09 09:28:03', '2019-10-09 09:28:03'),
(203, 'Swasta', 68, '2019-10-09 09:28:03', '2019-10-09 09:28:03'),
(204, 'Jumlah', 68, '2019-10-09 09:28:03', '2019-10-09 09:28:03'),
(205, 'Tidak Kritis', 69, '2019-10-09 09:30:21', '2019-10-09 09:30:21'),
(206, 'Potensial Kritis', 69, '2019-10-09 09:30:21', '2019-10-09 09:30:21'),
(207, 'Agak Kritis', 69, '2019-10-09 09:30:21', '2019-10-09 09:30:21'),
(208, 'Kritis', 69, '2019-10-09 09:30:21', '2019-10-09 09:30:21'),
(209, 'Sangat Kritis', 69, '2019-10-09 09:30:21', '2019-10-09 09:30:21'),
(210, 'Tidak Kritis', 70, '2019-10-09 09:34:43', '2019-10-09 09:34:43'),
(211, 'Potensial Kritis', 70, '2019-10-09 09:34:43', '2019-10-09 09:34:43'),
(212, 'Agak Kritis', 70, '2019-10-09 09:34:43', '2019-10-09 09:34:43'),
(213, 'Kritis', 70, '2019-10-09 09:34:43', '2019-10-09 09:34:43'),
(214, 'Sangat Kritis', 70, '2019-10-09 09:34:43', '2019-10-09 09:34:43'),
(215, 'Negeri', 71, '2019-10-09 09:37:09', '2019-10-09 09:37:09'),
(216, 'Swasta', 71, '2019-10-09 09:37:09', '2019-10-09 09:37:09'),
(217, 'Jumlah', 71, '2019-10-09 09:37:09', '2019-10-09 09:37:09'),
(218, 'Negeri', 72, '2019-10-09 09:37:43', '2019-10-09 09:37:43'),
(219, 'Swasta', 72, '2019-10-09 09:37:43', '2019-10-09 09:37:43'),
(220, 'Jumlah', 72, '2019-10-09 09:37:43', '2019-10-09 09:37:43'),
(221, 'Dokter', 73, '2019-10-09 09:44:20', '2019-10-09 09:44:20'),
(222, 'Perawat', 73, '2019-10-09 09:44:20', '2019-10-09 09:44:20'),
(223, 'Bidan', 73, '2019-10-09 09:44:20', '2019-10-09 09:44:20'),
(224, 'Farmasi', 73, '2019-10-09 09:44:20', '2019-10-09 09:44:20'),
(225, 'Ahli Gizi', 73, '2019-10-09 09:44:20', '2019-10-09 09:44:20'),
(226, 'Malaria', 74, '2019-10-09 09:48:36', '2019-10-09 09:48:36'),
(227, 'TB Paru', 74, '2019-10-09 09:48:36', '2019-10-09 09:48:36'),
(228, 'Pneumonia', 74, '2019-10-09 09:48:36', '2019-10-09 09:48:36'),
(229, 'Kusta', 74, '2019-10-09 09:48:36', '2019-10-09 09:48:36'),
(230, 'DBD', 74, '2019-10-09 09:48:36', '2019-10-09 09:48:36'),
(231, '(KW)', 75, '2019-10-09 09:49:48', '2019-10-09 09:49:48'),
(232, '(KWh)', 76, '2019-10-09 09:50:33', '2019-10-09 09:50:33'),
(233, '(KWh)', 77, '2019-10-09 09:51:35', '2019-10-09 09:51:35'),
(234, '(KWh)', 78, '2019-10-09 09:52:03', '2019-10-09 09:52:03'),
(235, '(KWh)', 79, '2019-10-09 09:52:21', '2019-10-09 09:52:21'),
(236, 'Klinik Keluarga Berencana (KKB)', 80, '2019-10-09 09:52:58', '2019-10-09 09:52:58'),
(237, 'Pos Pelayanan Keluarga Berencana Desa (PPKBD)', 80, '2019-10-09 09:52:58', '2019-10-09 09:52:58'),
(238, 'Perikanan Tangkap di Laut', 81, '2019-10-09 09:55:40', '2019-10-09 09:55:40'),
(239, 'Perikanan Perairan Umum Daratan', 82, '2019-10-09 09:56:49', '2019-10-09 09:56:49'),
(240, 'Perikanan Tangkap', 83, '2019-10-09 09:57:38', '2019-10-09 09:57:38'),
(244, 'Gempa Bumi', 87, '2019-10-09 09:59:42', '2019-10-09 09:59:42'),
(245, 'Tsunami', 87, '2019-10-09 09:59:42', '2019-10-09 09:59:42'),
(246, 'Gempa Bumi dan Tsunami', 87, '2019-10-09 09:59:42', '2019-10-09 09:59:42'),
(247, 'Letusan Gunung Api', 87, '2019-10-09 09:59:42', '2019-10-09 09:59:42'),
(248, 'Tanah Longsor', 87, '2019-10-09 09:59:42', '2019-10-09 09:59:42'),
(249, 'Jumlah', 88, '2019-10-09 10:05:19', '2019-10-09 10:05:19'),
(250, 'Persentase', 88, '2019-10-09 10:05:19', '2019-10-09 10:05:19'),
(251, 'Luas', 89, '2019-10-09 10:06:03', '2019-10-09 10:06:03'),
(252, 'Persentase', 89, '2019-10-09 10:06:03', '2019-10-09 10:06:03'),
(253, 'Jaring Apung Laut', 90, '2019-10-09 10:09:04', '2019-10-09 10:09:04'),
(254, 'Jaring Apung Tawar', 91, '2019-10-09 10:09:21', '2019-10-09 10:09:21'),
(255, 'Jaring Tancap Tawar', 92, '2019-10-09 10:09:35', '2019-10-09 10:09:35'),
(256, 'Karamba', 93, '2019-10-09 10:09:47', '2019-10-09 10:09:47'),
(257, 'Kolam Air Deras', 94, '2019-10-09 10:10:24', '2019-10-09 10:10:24'),
(258, 'Kolam Air Tenang', 95, '2019-10-09 10:10:36', '2019-10-09 10:10:36'),
(259, 'Laut Lainnya', 96, '2019-10-09 10:10:55', '2019-10-09 10:10:55'),
(260, 'Minapadi', 97, '2019-10-09 10:11:28', '2019-10-09 10:11:28'),
(261, 'Rumput Laut', 98, '2019-10-09 10:12:40', '2019-10-09 10:12:40'),
(262, 'Tambak Intensif', 99, '2019-10-09 10:12:52', '2019-10-09 10:12:52'),
(263, 'Tambak Sederhana', 100, '2019-10-09 10:13:04', '2019-10-09 10:13:04'),
(264, 'Tambak Semi Intensif', 101, '2019-10-09 10:13:22', '2019-10-09 10:13:22'),
(270, 'Wisata Alam', 102, '2019-10-09 10:22:27', '2019-10-09 10:22:27'),
(271, 'Wisata Bahari', 102, '2019-10-09 10:22:27', '2019-10-09 10:22:27'),
(272, 'Wisata Budaya', 102, '2019-10-09 10:22:27', '2019-10-09 10:22:27'),
(273, 'Wisata Religi', 102, '2019-10-09 10:22:27', '2019-10-09 10:22:27'),
(274, 'Wisata Agro', 102, '2019-10-09 10:22:27', '2019-10-09 10:22:27'),
(275, 'Wisata Sejarah', 102, '2019-10-09 10:22:27', '2019-10-09 10:22:27'),
(276, 'Wisata Buatan', 102, '2019-10-09 10:22:27', '2019-10-09 10:22:27'),
(277, 'Wisata Kuliner', 102, '2019-10-09 10:22:27', '2019-10-09 10:22:27'),
(278, 'Wisata Minat Khusus', 102, '2019-10-09 10:22:27', '2019-10-09 10:22:27'),
(279, 'Jumlah', 102, '2019-10-09 10:22:27', '2019-10-09 10:22:27'),
(280, '1', 108, '2019-10-09 10:23:20', '2019-10-09 10:23:20'),
(281, '2', 108, '2019-10-09 10:23:20', '2019-10-09 10:23:20'),
(282, '3', 108, '2019-10-09 10:23:20', '2019-10-09 10:23:20'),
(283, '4', 108, '2019-10-09 10:23:20', '2019-10-09 10:23:20'),
(284, '1', 109, '2019-10-09 10:23:42', '2019-10-09 10:23:42'),
(285, '2', 109, '2019-10-09 10:23:42', '2019-10-09 10:23:42'),
(286, '3+', 109, '2019-10-09 10:23:42', '2019-10-09 10:23:42'),
(287, 'BCG', 110, '2019-10-09 10:24:01', '2019-10-09 10:24:01'),
(288, 'Campak', 111, '2019-10-09 10:24:15', '2019-10-09 10:24:15'),
(289, 'Aparat Pamong Praja', 112, '2019-10-09 10:25:47', '2019-10-09 10:25:47'),
(290, 'Aparat Linmas', 112, '2019-10-09 10:25:47', '2019-10-09 10:25:47'),
(291, 'Petugas Patroli Satpol PP', 112, '2019-10-09 10:25:47', '2019-10-09 10:25:47'),
(292, 'Petugas Perlindungan Masyarakat', 112, '2019-10-09 10:25:47', '2019-10-09 10:25:47'),
(293, 'Pos Keamanan', 113, '2019-10-09 10:26:40', '2019-10-09 10:26:40'),
(294, 'Pos Siskamling', 113, '2019-10-09 10:26:40', '2019-10-09 10:26:40'),
(295, 'Roda Dua', 114, '2019-10-09 10:27:03', '2019-10-09 10:27:03'),
(296, 'Roda Empat', 114, '2019-10-09 10:27:03', '2019-10-09 10:27:03'),
(297, 'Mobil Penumpang', 115, '2019-10-09 10:39:58', '2019-10-09 10:39:58'),
(298, 'Bus', 115, '2019-10-09 10:39:58', '2019-10-09 10:39:58'),
(299, 'Truk', 115, '2019-10-09 10:39:58', '2019-10-09 10:39:58'),
(300, 'Sepeda Motor', 115, '2019-10-09 10:39:58', '2019-10-09 10:39:58'),
(301, 'Jumlah', 115, '2019-10-09 10:39:58', '2019-10-09 10:39:58'),
(302, 'Jumlah', 2, '2019-10-09 10:53:23', '2019-10-09 10:53:23'),
(303, 'Aspal', 117, '2019-10-09 10:53:29', '2019-10-09 10:53:29'),
(304, 'Tidak Diaspal', 117, '2019-10-09 10:53:29', '2019-10-09 10:53:29'),
(305, 'Lainnya', 117, '2019-10-09 10:53:29', '2019-10-09 10:53:29'),
(306, 'Jumlah', 117, '2019-10-09 10:53:29', '2019-10-09 10:53:29'),
(307, 'Baik', 118, '2019-10-09 10:55:57', '2019-10-09 10:55:57'),
(308, 'Sedang', 118, '2019-10-09 10:55:57', '2019-10-09 10:55:57'),
(309, 'Rusak', 118, '2019-10-09 10:55:57', '2019-10-09 10:55:57'),
(310, 'Rusak Berat', 118, '2019-10-09 10:55:57', '2019-10-09 10:55:57'),
(316, 'A', 119, '2019-10-09 10:58:49', '2019-10-09 10:58:49'),
(317, 'B', 119, '2019-10-09 10:58:49', '2019-10-09 10:58:49'),
(318, 'C', 119, '2019-10-09 10:58:49', '2019-10-09 10:58:49'),
(319, 'Pembantu', 119, '2019-10-09 10:58:49', '2019-10-09 10:58:49'),
(320, 'Jumlah', 119, '2019-10-09 10:58:49', '2019-10-09 10:58:49'),
(321, 'Dikirim', 120, '2019-10-09 11:00:59', '2019-10-09 11:00:59'),
(322, 'Diterima', 120, '2019-10-09 11:00:59', '2019-10-09 11:00:59'),
(323, 'Dikirim', 121, '2019-10-09 11:02:36', '2019-10-09 11:02:36'),
(324, 'Diterima', 121, '2019-10-09 11:02:36', '2019-10-09 11:02:36'),
(325, 'Dikirim', 122, '2019-10-09 11:02:59', '2019-10-09 11:02:59'),
(326, 'Diterima', 122, '2019-10-09 11:02:59', '2019-10-09 11:02:59'),
(327, 'Jumlah', 2, '2019-10-09 11:05:44', '2019-10-09 11:05:44'),
(328, 'Jumlah', 2, '2019-10-09 11:07:09', '2019-10-09 11:07:09'),
(329, 'Rencana', 125, '2019-10-09 11:08:06', '2019-10-09 11:08:06'),
(330, 'Realisasi', 125, '2019-10-09 11:08:06', '2019-10-09 11:08:06'),
(331, 'Rencana', 126, '2019-10-09 11:08:25', '2019-10-09 11:08:25'),
(332, 'Realisasi', 126, '2019-10-09 11:08:25', '2019-10-09 11:08:25'),
(333, 'Lanjut Usia', 127, '2019-10-09 11:10:52', '2019-10-09 11:10:52'),
(334, 'Penyandang Disabilitas', 127, '2019-10-09 11:10:52', '2019-10-09 11:10:52'),
(335, 'Penyandang Disabilitas Berat', 127, '2019-10-09 11:10:52', '2019-10-09 11:10:52'),
(336, 'Data Korban Pemasungan', 127, '2019-10-09 11:10:52', '2019-10-09 11:10:52'),
(339, 'Jumlah', 128, '2019-10-09 11:12:14', '2019-10-09 11:12:14'),
(340, 'Kelompok Usaha Bersama', 129, '2019-10-09 11:12:57', '2019-10-09 11:12:57'),
(341, 'Jumlah Bantuan (Rupiah)', 129, '2019-10-09 11:12:57', '2019-10-09 11:12:57'),
(346, 'Jumlah', 131, '2019-10-09 11:19:48', '2019-10-09 11:19:48'),
(347, 'Tumbuh', 130, '2019-10-09 11:21:18', '2019-10-09 11:21:18'),
(348, 'Berkembang', 130, '2019-10-09 11:21:18', '2019-10-09 11:21:18'),
(349, 'Maju/Aktif/Kreatif', 130, '2019-10-09 11:21:18', '2019-10-09 11:21:18'),
(350, 'Percontohan', 130, '2019-10-09 11:21:18', '2019-10-09 11:21:18'),
(351, 'Laki-laki', 65, '2019-10-09 11:24:50', '2019-10-09 11:24:50'),
(352, 'Perempuan', 65, '2019-10-09 11:24:50', '2019-10-09 11:24:50'),
(353, 'Jumlah', 65, '2019-10-09 11:24:50', '2019-10-09 11:24:50'),
(354, 'Biro Wisata', 132, '2019-10-09 11:28:39', '2019-10-09 11:28:39'),
(355, 'Agen Perjalanan Wisata', 132, '2019-10-09 11:28:39', '2019-10-09 11:28:39'),
(356, 'Bersertifikat', 133, '2019-10-09 11:29:18', '2019-10-09 11:29:18'),
(357, 'Tidak Bersertifikat', 133, '2019-10-09 11:29:18', '2019-10-09 11:29:18'),
(358, 'Total', 133, '2019-10-09 11:29:18', '2019-10-09 11:29:18'),
(359, 'Islam', 134, '2019-10-09 11:29:25', '2019-10-09 11:29:25'),
(360, 'Protestan', 134, '2019-10-09 11:29:25', '2019-10-09 11:29:25'),
(361, 'Katolik', 134, '2019-10-09 11:29:25', '2019-10-09 11:29:25'),
(362, 'Hindu', 134, '2019-10-09 11:29:25', '2019-10-09 11:29:25'),
(363, 'Budha', 134, '2019-10-09 11:29:25', '2019-10-09 11:29:25'),
(364, 'Lainnya', 134, '2019-10-09 11:29:25', '2019-10-09 11:29:25'),
(365, 'Masjid', 135, '2019-10-09 11:31:32', '2019-10-09 11:31:32'),
(366, 'Mushola', 135, '2019-10-09 11:31:32', '2019-10-09 11:31:32'),
(367, 'Gereja Protestan', 135, '2019-10-09 11:31:32', '2019-10-09 11:31:32'),
(368, 'Gereja Katolik', 135, '2019-10-09 11:31:32', '2019-10-09 11:31:32'),
(369, 'Pura', 135, '2019-10-09 11:31:32', '2019-10-09 11:31:32'),
(370, 'Vihara', 135, '2019-10-09 11:31:32', '2019-10-09 11:31:32'),
(371, 'Restoran', 136, '2019-10-09 11:32:39', '2019-10-09 11:32:39'),
(372, 'Cafetaria', 136, '2019-10-09 11:32:39', '2019-10-09 11:32:39'),
(373, 'Kantin', 136, '2019-10-09 11:32:39', '2019-10-09 11:32:39'),
(374, 'Coffe Shop', 136, '2019-10-09 11:32:39', '2019-10-09 11:32:39'),
(375, 'Pub/Bar', 136, '2019-10-09 11:32:39', '2019-10-09 11:32:39'),
(376, 'Warung/Kedai Makanan', 136, '2019-10-09 11:32:39', '2019-10-09 11:32:39'),
(377, 'Penerimaan Retribusi', 137, '2019-10-09 11:51:31', '2019-10-09 11:51:31'),
(378, 'Target Penerimaan', 137, '2019-10-09 11:51:31', '2019-10-09 11:51:31'),
(379, 'Jumlah PUS', 138, '2019-10-09 11:56:55', '2019-10-09 11:56:55'),
(384, 'IUD', 139, '2019-10-09 11:59:47', '2019-10-09 11:59:47'),
(385, 'MOW', 139, '2019-10-09 11:59:47', '2019-10-09 11:59:47'),
(386, 'MOP', 139, '2019-10-09 11:59:47', '2019-10-09 11:59:47'),
(387, 'Kondom', 139, '2019-10-09 11:59:47', '2019-10-09 11:59:47'),
(388, 'Implan', 139, '2019-10-09 11:59:47', '2019-10-09 11:59:47'),
(389, 'Suntikan', 139, '2019-10-09 11:59:47', '2019-10-09 11:59:47'),
(390, 'Pil', 139, '2019-10-09 11:59:47', '2019-10-09 11:59:47'),
(391, 'Jumlah', 139, '2019-10-09 11:59:47', '2019-10-09 11:59:47'),
(392, 'Ayam Kampung', 140, '2019-10-09 12:01:54', '2019-10-09 12:01:54'),
(393, 'Ayam Petelur', 140, '2019-10-09 12:01:57', '2019-10-09 12:01:57'),
(394, 'Ayam Pedaging', 140, '2019-10-09 12:01:57', '2019-10-09 12:01:57'),
(395, 'Itik dan Itik Manila', 140, '2019-10-09 12:01:57', '2019-10-09 12:01:57'),
(396, 'Akseptor Baru', 141, '2019-10-09 12:02:09', '2019-10-09 12:02:09'),
(397, 'Akseptor Aktif', 141, '2019-10-09 12:02:09', '2019-10-09 12:02:09'),
(398, 'Budidaya Laut', 142, '2019-10-09 12:02:16', '2019-10-09 12:02:16'),
(399, 'Tambak', 142, '2019-10-09 12:02:16', '2019-10-09 12:02:16'),
(400, 'Kolam', 142, '2019-10-09 12:02:16', '2019-10-09 12:02:16'),
(401, 'Keramba', 142, '2019-10-09 12:02:16', '2019-10-09 12:02:16'),
(402, 'Jaring Apung', 142, '2019-10-09 12:02:16', '2019-10-09 12:02:16'),
(403, 'Sawah', 142, '2019-10-09 12:02:16', '2019-10-09 12:02:16'),
(404, 'Jumlah', 142, '2019-10-09 12:02:16', '2019-10-09 12:02:16'),
(405, 'Sapi', 143, '2019-10-09 12:05:10', '2019-10-09 12:05:10'),
(406, 'Kerbau', 143, '2019-10-09 12:05:10', '2019-10-09 12:05:10'),
(407, 'Kuda', 143, '2019-10-09 12:05:10', '2019-10-09 12:05:10'),
(408, 'Kambing', 143, '2019-10-09 12:05:10', '2019-10-09 12:05:10'),
(409, 'Domba', 143, '2019-10-09 12:05:10', '2019-10-09 12:05:10'),
(410, 'Babi', 143, '2019-10-09 12:05:10', '2019-10-09 12:05:10'),
(411, 'Sapi Perah', 144, '2019-10-09 12:10:33', '2019-10-09 12:10:33'),
(412, 'Sapi Potong', 144, '2019-10-09 12:10:33', '2019-10-09 12:10:33'),
(413, 'Kerbau', 145, '2019-10-09 12:10:53', '2019-10-09 12:10:53'),
(414, 'Jumlah Desa', 146, '2019-10-09 12:16:50', '2019-10-09 12:16:50'),
(415, 'Jumlah Kelurahan', 146, '2019-10-09 12:16:50', '2019-10-09 12:16:50'),
(416, 'Kelapa Sawit', 147, '2019-10-09 12:16:57', '2019-10-09 12:16:57'),
(417, 'Kelapa', 147, '2019-10-09 12:16:57', '2019-10-09 12:16:57'),
(418, 'Karet', 147, '2019-10-09 12:16:57', '2019-10-09 12:16:57'),
(419, 'Kopi', 147, '2019-10-09 12:16:57', '2019-10-09 12:16:57'),
(420, 'Kakao', 147, '2019-10-09 12:16:57', '2019-10-09 12:16:57'),
(421, 'Tebu', 147, '2019-10-09 12:16:57', '2019-10-09 12:16:57'),
(422, 'Teh', 147, '2019-10-09 12:16:57', '2019-10-09 12:16:57'),
(423, 'Tembakau', 147, '2019-10-09 12:16:57', '2019-10-09 12:16:57'),
(424, 'Sagu', 147, '2019-10-09 12:16:57', '2019-10-09 12:16:57'),
(425, 'Lada', 147, '2019-10-09 12:16:57', '2019-10-09 12:16:57'),
(426, 'Aren', 147, '2019-10-09 12:16:57', '2019-10-09 12:16:57'),
(427, 'Jumlah Desa', 148, '2019-10-09 12:17:16', '2019-10-09 12:17:16'),
(428, 'Jumlah Kelurahan', 148, '2019-10-09 12:17:16', '2019-10-09 12:17:16'),
(429, 'Kuda', 149, '2019-10-09 12:36:10', '2019-10-09 12:36:10'),
(430, 'Kambing', 149, '2019-10-09 12:36:10', '2019-10-09 12:36:10'),
(431, 'Domba', 149, '2019-10-09 12:36:10', '2019-10-09 12:36:10'),
(432, 'Babi', 149, '2019-10-09 12:36:10', '2019-10-09 12:36:10'),
(433, 'OPD', 150, '2019-11-22 16:16:00', '2019-11-22 16:16:00'),
(434, 'UPTD', 150, '2019-11-22 16:16:00', '2019-11-22 16:16:00'),
(435, 'Rumah Jabatan', 150, '2019-11-22 16:16:00', '2019-11-22 16:16:00'),
(436, 'Jumlah', 2, '2019-11-22 16:34:58', '2019-11-22 16:34:58'),
(437, 'Jumlah Media', 2, '2019-11-22 16:48:37', '2019-11-22 16:48:37'),
(438, 'Media', 2, '2019-11-22 16:53:41', '2019-11-22 16:53:41'),
(440, 'Unit', 162, '2019-11-22 17:11:21', '2019-11-22 17:11:21'),
(441, '(Kec)', 163, '2019-11-25 14:04:17', '2019-11-25 14:04:17'),
(442, '(Desa/Kel)', 164, '2019-11-25 14:04:45', '2019-11-25 14:04:45'),
(443, '(TPS)', 165, '2019-11-25 14:05:07', '2019-11-25 14:05:07'),
(444, 'Laki-laki', 166, '2019-11-25 14:05:46', '2019-11-25 14:05:46'),
(445, 'Perempuan', 166, '2019-11-25 14:05:46', '2019-11-25 14:05:46'),
(446, 'Total', 166, '2019-11-25 14:05:46', '2019-11-25 14:05:46'),
(447, 'Milik Sendiri', 167, '2019-11-25 14:15:18', '2019-11-25 14:15:18'),
(448, 'Kontrak/Sewa', 167, '2019-11-25 14:15:18', '2019-11-25 14:15:18'),
(449, 'Bebas Sewa', 167, '2019-11-25 14:15:18', '2019-11-25 14:15:18'),
(450, 'Dinas', 167, '2019-11-25 14:15:18', '2019-11-25 14:15:18'),
(451, 'Lainnya', 167, '2019-11-25 14:15:18', '2019-11-25 14:15:18'),
(452, 'Jumlah', 167, '2019-11-25 14:15:18', '2019-11-25 14:15:18'),
(453, '2017', 168, '2019-11-25 14:31:27', '2019-11-25 14:31:27'),
(454, '2018', 168, '2019-11-25 14:31:27', '2019-11-25 14:31:27'),
(455, '2019', 168, '2019-11-25 14:31:27', '2019-11-25 14:31:27'),
(456, '2017', 169, '2019-11-25 14:31:53', '2019-11-25 14:31:53'),
(457, '2018', 169, '2019-11-25 14:31:53', '2019-11-25 14:31:53'),
(458, '2019', 169, '2019-11-25 14:31:53', '2019-11-25 14:31:53'),
(459, '2017', 170, '2019-11-25 14:32:21', '2019-11-25 14:32:21'),
(460, '2018', 170, '2019-11-25 14:32:21', '2019-11-25 14:32:21'),
(461, '2019', 170, '2019-11-25 14:32:21', '2019-11-25 14:32:21'),
(462, '2017', 171, '2019-11-25 14:32:42', '2019-11-25 14:32:42'),
(463, '2018', 171, '2019-11-25 14:32:42', '2019-11-25 14:32:42'),
(464, '2019', 171, '2019-11-25 14:32:42', '2019-11-25 14:32:42'),
(465, '2017', 172, '2019-11-25 14:33:02', '2019-11-25 14:33:02'),
(466, '2018', 172, '2019-11-25 14:33:02', '2019-11-25 14:33:02'),
(467, '2019', 172, '2019-11-25 14:33:02', '2019-11-25 14:33:02'),
(468, 'DAPIL 1', 173, '2019-11-28 11:03:27', '2019-11-28 11:03:27'),
(469, 'DAPIL 2', 173, '2019-11-28 11:03:27', '2019-11-28 11:03:27'),
(470, 'DAPIL 3', 173, '2019-11-28 11:03:27', '2019-11-28 11:03:27'),
(471, 'DAPIL 4', 173, '2019-11-28 11:03:27', '2019-11-28 11:03:27'),
(472, 'DAPIL 5', 173, '2019-11-28 11:03:27', '2019-11-28 11:03:27'),
(473, 'DAPIL 6', 173, '2019-11-28 11:03:27', '2019-11-28 11:03:27'),
(474, 'DAPIL 7', 173, '2019-11-28 11:03:27', '2019-11-28 11:03:27'),
(475, 'TOTAL', 174, '2019-11-28 11:05:51', '2019-11-28 11:05:51'),
(476, 'jumlah permohonan imb yang disetujui', 176, '2019-11-28 21:09:12', '2019-11-28 21:09:12'),
(477, 'luas bangunan', 176, '2019-11-28 21:09:12', '2019-11-28 21:09:12'),
(478, 'Biaya yang Diterima Dinas dari IMB  (Satuan', 176, '2019-11-28 21:09:12', '2019-11-28 21:09:12'),
(479, 'Rasio IMB terhadap Nilai Bangunan', 176, '2019-11-28 21:09:12', '2019-11-28 21:09:12'),
(480, 'Tentang', 177, '2019-12-04 15:53:43', '2019-12-04 15:53:43'),
(481, 'Tentang', 177, '2019-12-04 15:53:51', '2019-12-04 15:53:51'),
(482, 'Nomor', 179, '2019-12-04 16:17:53', '2019-12-04 16:17:53'),
(483, 'Tentang', 179, '2019-12-04 16:17:53', '2019-12-04 16:17:53'),
(484, 'LD', 179, '2019-12-04 16:17:53', '2019-12-04 16:17:53'),
(485, 'TLD', 179, '2019-12-04 16:17:53', '2019-12-04 16:17:53'),
(486, 'Sumber', 179, '2019-12-04 16:17:53', '2019-12-04 16:17:53'),
(487, 'Status', 179, '2019-12-04 16:17:53', '2019-12-04 16:17:53'),
(488, 'Nomor', 180, '2019-12-04 16:24:39', '2019-12-04 16:24:39'),
(489, 'Tentang', 180, '2019-12-04 16:24:39', '2019-12-04 16:24:39'),
(490, 'BD', 180, '2019-12-04 16:24:39', '2019-12-04 16:24:39'),
(491, 'TBD', 180, '2019-12-04 16:24:39', '2019-12-04 16:24:39'),
(492, 'Sumber', 180, '2019-12-04 16:24:39', '2019-12-04 16:24:39'),
(493, 'Status', 180, '2019-12-04 16:24:39', '2019-12-04 16:24:39'),
(494, 'Nomor', 181, '2019-12-04 16:31:24', '2019-12-04 16:31:24'),
(495, 'Tentang', 181, '2019-12-04 16:31:24', '2019-12-04 16:31:24'),
(496, 'Sumber', 181, '2019-12-04 16:31:24', '2019-12-04 16:31:24'),
(497, 'KETUA', 182, '2019-12-05 09:56:05', '2019-12-05 09:56:05'),
(498, 'BENDAHARA', 182, '2019-12-05 09:56:05', '2019-12-05 09:56:05'),
(499, 'SEKRETARIS', 182, '2019-12-05 09:56:05', '2019-12-05 09:56:05'),
(500, 'TANGGAL BERDIRI', 183, '2019-12-05 09:57:34', '2019-12-05 09:57:34'),
(501, 'ALAMAT DAN TELPON/HP', 183, '2019-12-05 09:57:34', '2019-12-05 09:57:34'),
(502, 'NOMOR SK KEMENKUMHAM', 183, '2019-12-05 09:57:34', '2019-12-05 09:57:34'),
(503, 'KETERANGAN', 183, '2019-12-05 09:57:34', '2019-12-05 09:57:34'),
(504, 'Jumlah', 184, '2019-12-10 08:22:17', '2019-12-10 08:22:17'),
(505, 'LAKI-LAKI', 185, '2019-12-10 08:22:46', '2019-12-10 08:22:46'),
(506, 'PEREMPUAN', 185, '2019-12-10 08:22:46', '2019-12-10 08:22:46'),
(507, 'LAKI-LAKI', 186, '2019-12-10 08:24:42', '2019-12-10 08:24:42'),
(508, 'PEREMPUAN', 186, '2019-12-10 08:24:42', '2019-12-10 08:24:42'),
(509, '% LAKI-LAKI', 186, '2019-12-10 08:24:42', '2019-12-10 08:24:42'),
(510, '% PEREMPUAN', 186, '2019-12-10 08:24:42', '2019-12-10 08:24:42'),
(511, '% TOTAL', 186, '2019-12-10 08:24:42', '2019-12-10 08:24:42'),
(512, '(Jumlah)', 184, '2019-12-11 14:39:18', '2019-12-11 14:39:18'),
(513, 'Laki-laki', 185, '2019-12-11 14:39:54', '2019-12-11 14:39:54'),
(514, 'Perempuan', 185, '2019-12-11 14:39:54', '2019-12-11 14:39:54'),
(515, 'Laki-laki', 186, '2019-12-11 14:41:13', '2019-12-11 14:41:13'),
(516, 'Perempuan', 186, '2019-12-11 14:41:13', '2019-12-11 14:41:13'),
(517, 'Laki-laki(%)', 186, '2019-12-11 14:41:13', '2019-12-11 14:41:13'),
(518, 'Perempuan(%)', 186, '2019-12-11 14:41:13', '2019-12-11 14:41:13'),
(519, 'Total(%)', 186, '2019-12-11 14:41:13', '2019-12-11 14:41:13');

-- --------------------------------------------------------

--
-- Table structure for table `data`
--

CREATE TABLE `data` (
  `id` int(10) UNSIGNED NOT NULL,
  `template_id` int(10) UNSIGNED NOT NULL,
  `row_id` int(10) UNSIGNED NOT NULL,
  `row_detail_id` int(10) UNSIGNED NOT NULL,
  `column_id` int(10) UNSIGNED NOT NULL,
  `column_detail_id` int(10) UNSIGNED NOT NULL,
  `value` double NOT NULL,
  `year` int(11) NOT NULL
) ENGINE=InnoDB DEFAULT CHARSET=utf8mb4 COLLATE=utf8mb4_unicode_ci;

--
-- Dumping data for table `data`
--

INSERT INTO `data` (`id`, `template_id`, `row_id`, `row_detail_id`, `column_id`, `column_detail_id`, `value`, `year`) VALUES
(1, 21, 29, 115, 28, 98, 1, 2017),
(2, 21, 29, 115, 28, 99, 1, 2017),
(3, 21, 29, 115, 29, 96, 1, 2017),
(4, 21, 29, 115, 29, 97, 1, 2017),
(5, 27, 1, 69, 44, 168, 28, 2018),
(6, 27, 1, 69, 44, 169, 63, 2018),
(7, 27, 1, 69, 44, 170, 91, 2018),
(8, 27, 1, 69, 49, 166, 0, 2018),
(9, 27, 1, 69, 51, 167, 0, 2018),
(10, 27, 1, 70, 44, 168, 70, 2018),
(11, 27, 1, 70, 44, 169, 62, 2018),
(12, 27, 1, 70, 44, 170, 132, 2018),
(13, 27, 1, 70, 49, 166, 0, 2018),
(14, 27, 1, 70, 51, 167, 3, 2018),
(15, 27, 1, 71, 44, 168, 14, 2018),
(16, 27, 1, 71, 44, 169, 3, 2018),
(17, 27, 1, 71, 44, 170, 17, 2018),
(18, 27, 1, 71, 49, 166, 0, 2018),
(19, 27, 1, 71, 51, 167, 0, 2018),
(20, 27, 1, 72, 44, 168, 384, 2018),
(21, 27, 1, 72, 44, 169, 151, 2018),
(22, 27, 1, 72, 44, 170, 535, 2018),
(23, 27, 1, 72, 49, 166, 0, 2018),
(24, 27, 1, 72, 51, 167, 1, 2018),
(25, 27, 1, 73, 44, 168, 64, 2018),
(26, 27, 1, 73, 44, 169, 31, 2018),
(27, 27, 1, 73, 44, 170, 95, 2018),
(28, 27, 1, 73, 49, 166, 0, 2018),
(29, 27, 1, 73, 51, 167, 0, 2018),
(30, 27, 1, 74, 44, 168, 163, 2018),
(31, 27, 1, 74, 44, 169, 81, 2018),
(32, 27, 1, 74, 44, 170, 244, 2018),
(33, 27, 1, 74, 49, 166, 0, 2018),
(34, 27, 1, 74, 51, 167, 0, 2018),
(35, 27, 1, 75, 44, 168, 723, 2018),
(36, 27, 1, 75, 44, 169, 391, 2018),
(37, 27, 1, 75, 44, 170, 1114, 2018),
(38, 27, 1, 75, 49, 166, 0, 2018),
(39, 27, 1, 75, 51, 167, 4, 2018),
(40, 30, 1, 69, 52, 171, 0, 2018),
(41, 30, 1, 69, 53, 172, 7, 2018),
(42, 30, 1, 69, 54, 173, 8, 2018),
(43, 30, 1, 69, 55, 174, 43, 2018),
(44, 30, 1, 69, 56, 175, 13, 2018),
(45, 30, 1, 69, 57, 176, 19, 2018),
(46, 30, 1, 69, 58, 177, 1, 2018),
(47, 30, 1, 69, 62, 181, 91, 2018),
(48, 30, 1, 70, 52, 171, 0, 2018),
(49, 30, 1, 70, 53, 172, 2, 2018),
(50, 30, 1, 70, 54, 173, 0, 2018),
(51, 30, 1, 70, 55, 174, 58, 2018),
(52, 30, 1, 70, 56, 175, 18, 2018),
(53, 30, 1, 70, 57, 176, 54, 2018),
(54, 30, 1, 70, 58, 177, 0, 2018),
(55, 30, 1, 70, 62, 181, 132, 2018),
(56, 30, 1, 71, 52, 171, 0, 2018),
(57, 30, 1, 71, 53, 172, 0, 2018),
(58, 30, 1, 71, 54, 173, 0, 2018),
(59, 30, 1, 71, 55, 174, 9, 2018),
(60, 30, 1, 71, 56, 175, 1, 2018),
(61, 30, 1, 71, 57, 176, 7, 2018),
(62, 30, 1, 71, 58, 177, 0, 2018),
(63, 30, 1, 71, 62, 181, 17, 2018),
(64, 30, 1, 72, 52, 171, 0, 2018),
(65, 30, 1, 72, 53, 172, 200, 2018),
(66, 30, 1, 72, 54, 173, 47, 2018),
(67, 30, 1, 72, 55, 174, 259, 2018),
(68, 30, 1, 72, 56, 175, 6, 2018),
(69, 30, 1, 72, 57, 176, 23, 2018),
(70, 30, 1, 72, 58, 177, 0, 2018),
(71, 30, 1, 72, 62, 181, 535, 2018),
(72, 30, 1, 73, 52, 171, 0, 2018),
(73, 30, 1, 73, 53, 172, 4, 2018),
(74, 30, 1, 73, 54, 173, 4, 2018),
(75, 30, 1, 73, 55, 174, 140, 2018),
(76, 30, 1, 73, 56, 175, 20, 2018),
(77, 30, 1, 73, 57, 176, 75, 2018),
(78, 30, 1, 73, 58, 177, 1, 2018),
(79, 30, 1, 73, 62, 181, 244, 2018),
(80, 30, 1, 74, 52, 171, 0, 2018),
(81, 30, 1, 74, 53, 172, 3, 2018),
(82, 30, 1, 74, 54, 173, 5, 2018),
(83, 30, 1, 74, 55, 174, 52, 2018),
(84, 30, 1, 74, 56, 175, 9, 2018),
(85, 30, 1, 74, 57, 176, 26, 2018),
(86, 30, 1, 74, 58, 177, 0, 2018),
(87, 30, 1, 74, 62, 181, 95, 2018),
(88, 30, 1, 75, 52, 171, 0, 2018),
(89, 30, 1, 75, 53, 172, 216, 2018),
(90, 30, 1, 75, 54, 173, 64, 2018),
(91, 30, 1, 75, 55, 174, 561, 2018),
(92, 30, 1, 75, 56, 175, 67, 2018),
(93, 30, 1, 75, 57, 176, 204, 2018),
(94, 30, 1, 75, 58, 177, 2, 2018),
(95, 30, 1, 75, 62, 181, 1114, 2018),
(96, 11, 1, 69, 8, 16, 53550, 2018),
(97, 11, 1, 69, 8, 17, 109783, 2018),
(98, 11, 1, 69, 8, 18, 8962, 2018),
(99, 11, 1, 69, 8, 19, 172295, 2018),
(100, 11, 1, 70, 8, 16, 137547, 2018),
(101, 11, 1, 70, 8, 17, 353183, 2018),
(102, 11, 1, 70, 8, 18, 30961, 2018),
(103, 11, 1, 70, 8, 19, 521691, 2018),
(104, 11, 1, 71, 8, 16, 47962, 2018),
(105, 11, 1, 71, 8, 17, 146282, 2018),
(106, 11, 1, 71, 8, 18, 11901, 2018),
(107, 11, 1, 71, 8, 19, 206145, 2018),
(108, 11, 1, 72, 8, 16, 80971, 2018),
(109, 11, 1, 72, 8, 17, 208529, 2018),
(110, 11, 1, 72, 8, 18, 12655, 2018),
(111, 11, 1, 72, 8, 19, 302155, 2018),
(112, 11, 1, 73, 8, 16, 56081, 2018),
(113, 11, 1, 73, 8, 17, 149793, 2018),
(114, 11, 1, 73, 8, 18, 6060, 2018),
(115, 11, 1, 73, 8, 19, 211934, 2018),
(116, 11, 1, 74, 8, 16, 40200, 2018),
(117, 11, 1, 74, 8, 17, 100528, 2018),
(118, 11, 1, 74, 8, 18, 5036, 2018),
(119, 11, 1, 74, 8, 19, 145764, 2018),
(120, 11, 1, 75, 8, 16, 416311, 2018),
(121, 11, 1, 75, 8, 17, 1068098, 2018),
(122, 11, 1, 75, 8, 18, 75575, 2018),
(123, 11, 1, 75, 8, 19, 1559984, 2018),
(124, 12, 1, 69, 9, 20, 14478, 2018),
(125, 12, 1, 69, 9, 21, 18625, 2018),
(126, 12, 1, 69, 9, 22, 20447, 2018),
(127, 12, 1, 69, 9, 23, 18175, 2018),
(128, 12, 1, 69, 9, 24, 16221, 2018),
(129, 12, 1, 69, 9, 25, 12940, 2018),
(130, 12, 1, 69, 9, 26, 13040, 2018),
(131, 12, 1, 69, 9, 27, 11626, 2018),
(132, 12, 1, 69, 9, 28, 10419, 2018),
(133, 12, 1, 69, 9, 29, 9762, 2018),
(134, 12, 1, 69, 9, 30, 7457, 2018),
(135, 12, 1, 69, 9, 31, 5618, 2018),
(136, 12, 1, 69, 9, 32, 4525, 2018),
(137, 12, 1, 69, 9, 33, 3236, 2018),
(138, 12, 1, 69, 9, 34, 2555, 2018),
(139, 12, 1, 69, 9, 35, 3171, 2018),
(140, 12, 1, 69, 9, 36, 172295, 2018),
(141, 12, 1, 70, 9, 20, 35383, 2018),
(142, 12, 1, 70, 9, 21, 47577, 2018),
(143, 12, 1, 70, 9, 22, 54587, 2018),
(144, 12, 1, 70, 9, 23, 55029, 2018),
(145, 12, 1, 70, 9, 24, 48365, 2018),
(146, 12, 1, 70, 9, 25, 42605, 2018),
(147, 12, 1, 70, 9, 26, 40764, 2018),
(148, 12, 1, 70, 9, 27, 38190, 2018),
(149, 12, 1, 70, 9, 28, 34510, 2018),
(150, 12, 1, 70, 9, 29, 34492, 2018),
(151, 12, 1, 70, 9, 30, 25707, 2018),
(152, 12, 1, 70, 9, 31, 19372, 2018),
(153, 12, 1, 70, 9, 32, 14149, 2018),
(154, 12, 1, 70, 9, 33, 10927, 2018),
(155, 12, 1, 70, 9, 34, 8229, 2018),
(156, 12, 1, 70, 9, 35, 11805, 2018),
(157, 12, 1, 70, 9, 36, 521691, 2018),
(158, 12, 1, 71, 9, 20, 10434, 2018),
(159, 12, 1, 71, 9, 21, 16021, 2018),
(160, 12, 1, 71, 9, 22, 21507, 2018),
(161, 12, 1, 71, 9, 23, 25588, 2018),
(162, 12, 1, 71, 9, 24, 21360, 2018),
(163, 12, 1, 71, 9, 25, 16603, 2018),
(164, 12, 1, 71, 9, 26, 16298, 2018),
(165, 12, 1, 71, 9, 27, 16532, 2018),
(166, 12, 1, 71, 9, 28, 15054, 2018),
(167, 12, 1, 71, 9, 29, 13284, 2018),
(168, 12, 1, 71, 9, 30, 8935, 2018),
(169, 12, 1, 71, 9, 31, 6857, 2018),
(170, 12, 1, 71, 9, 32, 5771, 2018),
(171, 12, 1, 71, 9, 33, 4616, 2018),
(172, 12, 1, 71, 9, 34, 2966, 2018),
(173, 12, 1, 71, 9, 35, 4319, 2018),
(174, 12, 1, 71, 9, 36, 206145, 2018),
(175, 12, 1, 72, 9, 20, 21413, 2018),
(176, 12, 1, 72, 9, 21, 28200, 2018),
(177, 12, 1, 72, 9, 22, 31358, 2018),
(178, 12, 1, 72, 9, 23, 33188, 2018),
(179, 12, 1, 72, 9, 24, 28518, 2018),
(180, 12, 1, 72, 9, 25, 26932, 2018),
(181, 12, 1, 72, 9, 26, 27760, 2018),
(182, 12, 1, 72, 9, 27, 25000, 2018),
(183, 12, 1, 72, 9, 28, 19968, 2018),
(184, 12, 1, 72, 9, 29, 17963, 2018),
(185, 12, 1, 72, 9, 30, 12543, 2018),
(186, 12, 1, 72, 9, 31, 9660, 2018),
(187, 12, 1, 72, 9, 32, 6997, 2018),
(188, 12, 1, 72, 9, 33, 5096, 2018),
(189, 12, 1, 72, 9, 34, 3335, 2018),
(190, 12, 1, 72, 9, 35, 4224, 2018),
(191, 12, 1, 72, 9, 36, 302155, 2018),
(192, 12, 1, 73, 9, 20, 13743, 2018),
(193, 12, 1, 73, 9, 21, 18994, 2018),
(194, 12, 1, 73, 9, 22, 23344, 2018),
(195, 12, 1, 73, 9, 23, 25941, 2018),
(196, 12, 1, 73, 9, 24, 21008, 2018),
(197, 12, 1, 73, 9, 25, 18169, 2018),
(198, 12, 1, 73, 9, 26, 18373, 2018),
(199, 12, 1, 73, 9, 27, 17802, 2018),
(200, 12, 1, 73, 9, 28, 15527, 2018),
(201, 12, 1, 73, 9, 29, 13683, 2018),
(202, 12, 1, 73, 9, 30, 9210, 2018),
(203, 12, 1, 73, 9, 31, 6298, 2018),
(204, 12, 1, 73, 9, 32, 3782, 2018),
(205, 12, 1, 73, 9, 33, 2637, 2018),
(206, 12, 1, 73, 9, 34, 1589, 2018),
(207, 12, 1, 73, 9, 35, 1834, 2018),
(208, 12, 1, 73, 9, 36, 211934, 2018),
(209, 12, 1, 74, 9, 20, 10315, 2018),
(210, 12, 1, 74, 9, 21, 13572, 2018),
(211, 12, 1, 74, 9, 22, 16313, 2018),
(212, 12, 1, 74, 9, 23, 20578, 2018),
(213, 12, 1, 74, 9, 24, 15935, 2018),
(214, 12, 1, 74, 9, 25, 11414, 2018),
(215, 12, 1, 74, 9, 26, 10583, 2018),
(216, 12, 1, 74, 9, 27, 10176, 2018),
(217, 12, 1, 74, 9, 28, 8982, 2018),
(218, 12, 1, 74, 9, 29, 8659, 2018),
(219, 12, 1, 74, 9, 30, 6311, 2018),
(220, 12, 1, 74, 9, 31, 4679, 2018),
(221, 12, 1, 74, 9, 32, 3211, 2018),
(222, 12, 1, 74, 9, 33, 2195, 2018),
(223, 12, 1, 74, 9, 34, 1347, 2018),
(224, 12, 1, 74, 9, 35, 1494, 2018),
(225, 12, 1, 74, 9, 36, 145764, 2018),
(226, 12, 1, 75, 9, 20, 105766, 2018),
(227, 12, 1, 75, 9, 21, 142989, 2018),
(228, 12, 1, 75, 9, 22, 167556, 2018),
(229, 12, 1, 75, 9, 23, 178499, 2018),
(230, 12, 1, 75, 9, 24, 151407, 2018),
(231, 12, 1, 75, 9, 25, 128663, 2018),
(232, 12, 1, 75, 9, 26, 126818, 2018),
(233, 12, 1, 75, 9, 27, 119326, 2018),
(234, 12, 1, 75, 9, 28, 104460, 2018),
(235, 12, 1, 75, 9, 29, 97843, 2018),
(236, 12, 1, 75, 9, 30, 70163, 2018),
(237, 12, 1, 75, 9, 31, 52484, 2018),
(238, 12, 1, 75, 9, 32, 38435, 2018),
(239, 12, 1, 75, 9, 33, 28707, 2018),
(240, 12, 1, 75, 9, 34, 20021, 2018),
(241, 12, 1, 75, 9, 35, 26847, 2018),
(242, 12, 1, 75, 9, 36, 1559984, 2018),
(243, 13, 1, 69, 10, 39, 6070, 2018),
(244, 13, 1, 69, 10, 40, 5783, 2018),
(245, 13, 1, 69, 10, 41, 11853, 2018),
(246, 13, 1, 69, 11, 42, 23475, 2018),
(247, 13, 1, 69, 11, 43, 24381, 2018),
(248, 13, 1, 69, 11, 44, 47856, 2018),
(249, 13, 1, 70, 10, 39, 29509, 2018),
(250, 13, 1, 70, 10, 40, 27963, 2018),
(251, 13, 1, 70, 10, 41, 57472, 2018),
(252, 13, 1, 70, 11, 42, 69254, 2018),
(253, 13, 1, 70, 11, 43, 71909, 2018),
(254, 13, 1, 70, 11, 44, 141163, 2018),
(255, 13, 1, 71, 10, 39, 12545, 2018),
(256, 13, 1, 71, 10, 40, 11460, 2018),
(257, 13, 1, 71, 10, 41, 24005, 2018),
(258, 13, 1, 71, 11, 42, 25251, 2018),
(259, 13, 1, 71, 11, 43, 24814, 2018),
(260, 13, 1, 71, 11, 44, 50065, 2018),
(261, 13, 1, 72, 10, 39, 20738, 2018),
(262, 13, 1, 72, 10, 40, 19893, 2018),
(263, 13, 1, 72, 10, 41, 40631, 2018),
(264, 13, 1, 72, 11, 42, 32642, 2018),
(265, 13, 1, 72, 11, 43, 32197, 2018),
(266, 13, 1, 72, 11, 44, 64839, 2018),
(267, 13, 1, 73, 10, 39, 13031, 2018),
(268, 13, 1, 73, 10, 40, 11873, 2018),
(269, 13, 1, 73, 10, 41, 24904, 2018),
(270, 13, 1, 73, 11, 42, 32439, 2018),
(271, 13, 1, 73, 11, 43, 31597, 2018),
(272, 13, 1, 73, 11, 44, 64036, 2018),
(273, 13, 1, 74, 10, 39, 10294, 2018),
(274, 13, 1, 74, 10, 40, 9392, 2018),
(275, 13, 1, 74, 10, 41, 19686, 2018),
(276, 13, 1, 74, 11, 42, 18210, 2018),
(277, 13, 1, 74, 11, 43, 17601, 2018),
(278, 13, 1, 74, 11, 44, 35811, 2018),
(279, 13, 1, 75, 10, 39, 92187, 2018),
(280, 13, 1, 75, 10, 40, 86364, 2018),
(281, 13, 1, 75, 10, 41, 178551, 2018),
(282, 13, 1, 75, 11, 42, 201271, 2018),
(283, 13, 1, 75, 11, 43, 202499, 2018),
(284, 13, 1, 75, 11, 44, 403770, 2018),
(285, 14, 1, 69, 10, 39, 0, 2018),
(286, 14, 1, 69, 10, 40, 0, 2018),
(287, 14, 1, 69, 10, 41, 0, 2018),
(288, 14, 1, 69, 11, 42, 9976, 2018),
(289, 14, 1, 69, 11, 43, 10677, 2018),
(290, 14, 1, 69, 11, 44, 20653, 2018),
(291, 14, 1, 70, 10, 39, 0, 2018),
(292, 14, 1, 70, 10, 40, 0, 2018),
(293, 14, 1, 70, 10, 41, 0, 2018),
(294, 14, 1, 70, 11, 42, 28343, 2018),
(295, 14, 1, 70, 11, 43, 28736, 2018),
(296, 14, 1, 70, 11, 44, 57079, 2018),
(297, 14, 1, 71, 10, 39, 0, 2018),
(298, 14, 1, 71, 10, 40, 0, 2018),
(299, 14, 1, 71, 10, 41, 0, 2018),
(300, 14, 1, 71, 11, 42, 13838, 2018),
(301, 14, 1, 71, 11, 43, 13763, 2018),
(302, 14, 1, 71, 11, 44, 27601, 2018),
(303, 14, 1, 72, 10, 39, 0, 2018),
(304, 14, 1, 72, 10, 40, 0, 2018),
(305, 14, 1, 72, 10, 41, 0, 2018),
(306, 14, 1, 72, 11, 42, 16177, 2018),
(307, 14, 1, 72, 11, 43, 15307, 2018),
(308, 14, 1, 72, 11, 44, 31484, 2018),
(309, 14, 1, 73, 10, 39, 0, 2018),
(310, 14, 1, 73, 10, 40, 0, 2018),
(311, 14, 1, 73, 10, 41, 0, 2018),
(312, 14, 1, 73, 11, 42, 13765, 2018),
(313, 14, 1, 73, 11, 43, 12293, 2018),
(314, 14, 1, 73, 11, 44, 26058, 2018),
(315, 14, 1, 74, 10, 39, 0, 2018),
(316, 14, 1, 74, 10, 40, 0, 2018),
(317, 14, 1, 74, 10, 41, 0, 2018),
(318, 14, 1, 74, 11, 42, 9066, 2018),
(319, 14, 1, 74, 11, 43, 8344, 2018),
(320, 14, 1, 74, 11, 44, 17410, 2018),
(321, 14, 1, 75, 10, 39, 0, 2018),
(322, 14, 1, 75, 10, 40, 0, 2018),
(323, 14, 1, 75, 10, 41, 0, 2018),
(324, 14, 1, 75, 11, 42, 91165, 2018),
(325, 14, 1, 75, 11, 43, 89120, 2018),
(326, 14, 1, 75, 11, 44, 180285, 2018),
(327, 15, 1, 69, 10, 39, 0, 2018),
(328, 15, 1, 69, 10, 40, 0, 2018),
(329, 15, 1, 69, 10, 41, 0, 2018),
(330, 15, 1, 69, 11, 42, 14390, 2018),
(331, 15, 1, 69, 11, 43, 13165, 2018),
(332, 15, 1, 69, 11, 44, 27555, 2018),
(333, 15, 1, 70, 10, 39, 0, 2018),
(334, 15, 1, 70, 10, 40, 0, 2018),
(335, 15, 1, 70, 10, 41, 0, 2018),
(336, 15, 1, 70, 11, 42, 39069, 2018),
(337, 15, 1, 70, 11, 43, 33803, 2018),
(338, 15, 1, 70, 11, 44, 72872, 2018),
(339, 15, 1, 71, 10, 39, 0, 2018),
(340, 15, 1, 71, 10, 40, 0, 2018),
(341, 15, 1, 71, 10, 41, 0, 2018),
(342, 15, 1, 71, 11, 42, 16350, 2018),
(343, 15, 1, 71, 11, 43, 13767, 2018),
(344, 15, 1, 71, 11, 44, 30117, 2018),
(345, 15, 1, 72, 10, 39, 0, 2018),
(346, 15, 1, 72, 10, 40, 0, 2018),
(347, 15, 1, 72, 10, 41, 0, 2018),
(348, 15, 1, 72, 11, 42, 23567, 2018),
(349, 15, 1, 72, 11, 43, 19226, 2018),
(350, 15, 1, 72, 11, 44, 42793, 2018),
(351, 15, 1, 73, 10, 39, 0, 2018),
(352, 15, 1, 73, 10, 40, 0, 2018),
(353, 15, 1, 73, 10, 41, 0, 2018),
(354, 15, 1, 73, 11, 42, 15166, 2018),
(355, 15, 1, 73, 11, 43, 11288, 2018),
(356, 15, 1, 73, 11, 44, 26454, 2018),
(357, 15, 1, 74, 10, 39, 0, 2018),
(358, 15, 1, 74, 10, 40, 0, 2018),
(359, 15, 1, 74, 10, 41, 0, 2018),
(360, 15, 1, 74, 11, 42, 9356, 2018),
(361, 15, 1, 74, 11, 43, 7524, 2018),
(362, 15, 1, 74, 11, 44, 16880, 2018),
(363, 15, 1, 75, 10, 39, 0, 2018),
(364, 15, 1, 75, 10, 40, 0, 2018),
(365, 15, 1, 75, 10, 41, 0, 2018),
(366, 15, 1, 75, 11, 42, 117898, 2018),
(367, 15, 1, 75, 11, 43, 98773, 2018),
(368, 15, 1, 75, 11, 44, 216671, 2018),
(369, 16, 1, 69, 12, 45, 1224, 2018),
(370, 16, 1, 69, 12, 46, 3025, 2018),
(371, 16, 1, 69, 12, 47, 3713, 2018),
(372, 16, 1, 69, 13, 48, 3931, 2018),
(373, 16, 1, 69, 13, 49, 4446, 2018),
(374, 16, 1, 69, 13, 50, 8377, 2018),
(375, 16, 1, 69, 14, 51, 334, 2018),
(376, 16, 1, 69, 14, 52, 181, 2018),
(377, 16, 1, 69, 14, 53, 515, 2018),
(378, 16, 1, 69, 15, 54, 7, 2018),
(379, 16, 1, 69, 15, 55, 3, 2018),
(380, 16, 1, 69, 15, 56, 10, 2018),
(381, 16, 1, 70, 12, 45, 1725, 2018),
(382, 16, 1, 70, 12, 46, 4513, 2018),
(383, 16, 1, 70, 12, 47, 5539, 2018),
(384, 16, 1, 70, 13, 48, 7243, 2018),
(385, 16, 1, 70, 13, 49, 7613, 2018),
(386, 16, 1, 70, 13, 50, 14856, 2018),
(387, 16, 1, 70, 14, 51, 656, 2018),
(388, 16, 1, 70, 14, 52, 285, 2018),
(389, 16, 1, 70, 14, 53, 941, 2018),
(390, 16, 1, 70, 15, 54, 41, 2018),
(391, 16, 1, 70, 15, 55, 23, 2018),
(392, 16, 1, 70, 15, 56, 64, 2018),
(393, 16, 1, 71, 12, 45, 1347, 2018),
(394, 16, 1, 71, 12, 46, 2760, 2018),
(395, 16, 1, 71, 12, 47, 3376, 2018),
(396, 16, 1, 71, 13, 48, 3289, 2018),
(397, 16, 1, 71, 13, 49, 2689, 2018),
(398, 16, 1, 71, 13, 50, 5978, 2018),
(399, 16, 1, 71, 14, 51, 196, 2018),
(400, 16, 1, 71, 14, 52, 64, 2018),
(401, 16, 1, 71, 14, 53, 260, 2018),
(402, 16, 1, 71, 15, 54, 13, 2018),
(403, 16, 1, 71, 15, 55, 12, 2018),
(404, 16, 1, 71, 15, 56, 25, 2018),
(405, 16, 1, 72, 12, 45, 2069, 2018),
(406, 16, 1, 72, 12, 46, 4727, 2018),
(407, 16, 1, 72, 12, 47, 5881, 2018),
(408, 16, 1, 72, 13, 48, 6796, 2018),
(409, 16, 1, 72, 13, 49, 6725, 2018),
(410, 16, 1, 72, 13, 50, 13521, 2018),
(411, 16, 1, 72, 14, 51, 602, 2018),
(412, 16, 1, 72, 14, 52, 297, 2018),
(413, 16, 1, 72, 14, 53, 899, 2018),
(414, 16, 1, 72, 15, 54, 22, 2018),
(415, 16, 1, 72, 15, 55, 8, 2018),
(416, 16, 1, 72, 15, 56, 30, 2018),
(417, 16, 1, 73, 12, 45, 750, 2018),
(418, 16, 1, 73, 12, 46, 1821, 2018),
(419, 16, 1, 73, 12, 47, 2268, 2018),
(420, 16, 1, 73, 13, 48, 2611, 2018),
(421, 16, 1, 73, 13, 49, 2589, 2018),
(422, 16, 1, 73, 13, 50, 5200, 2018),
(423, 16, 1, 73, 14, 51, 136, 2018),
(424, 16, 1, 73, 14, 52, 61, 2018),
(425, 16, 1, 73, 14, 53, 197, 2018),
(426, 16, 1, 73, 15, 54, 2, 2018),
(427, 16, 1, 73, 15, 55, 2, 2018),
(428, 16, 1, 73, 15, 56, 4, 2018),
(429, 16, 1, 74, 12, 45, 551, 2018),
(430, 16, 1, 74, 12, 46, 1457, 2018),
(431, 16, 1, 74, 12, 47, 1766, 2018),
(432, 16, 1, 74, 13, 48, 1763, 2018),
(433, 16, 1, 74, 13, 49, 1714, 2018),
(434, 16, 1, 74, 13, 50, 3477, 2018),
(435, 16, 1, 74, 14, 51, 80, 2018),
(436, 16, 1, 74, 14, 52, 34, 2018),
(437, 16, 1, 74, 14, 53, 114, 2018),
(438, 16, 1, 74, 15, 54, 7, 2018),
(439, 16, 1, 74, 15, 55, 0, 2018),
(440, 16, 1, 74, 15, 56, 7, 2018),
(441, 16, 1, 75, 12, 45, 7666, 2018),
(442, 16, 1, 75, 12, 46, 18303, 2018),
(443, 16, 1, 75, 12, 47, 22543, 2018),
(444, 16, 1, 75, 13, 48, 25633, 2018),
(445, 16, 1, 75, 13, 49, 25776, 2018),
(446, 16, 1, 75, 13, 50, 51409, 2018),
(447, 16, 1, 75, 14, 51, 2004, 2018),
(448, 16, 1, 75, 14, 52, 922, 2018),
(449, 16, 1, 75, 14, 53, 2926, 2018),
(450, 16, 1, 75, 15, 54, 92, 2018),
(451, 16, 1, 75, 15, 55, 48, 2018),
(452, 16, 1, 75, 15, 56, 140, 2018),
(453, 17, 1, 69, 16, 62, 96052, 2018),
(454, 17, 1, 69, 16, 63, 68086, 2018),
(455, 17, 1, 69, 16, 64, 1822, 2018),
(456, 17, 1, 69, 16, 65, 6335, 2018),
(457, 17, 1, 69, 16, 66, 42661, 2018),
(458, 17, 1, 70, 16, 62, 284150, 2018),
(459, 17, 1, 70, 16, 63, 209060, 2018),
(460, 17, 1, 70, 16, 64, 6331, 2018),
(461, 17, 1, 70, 16, 65, 22150, 2018),
(462, 17, 1, 70, 16, 66, 133638, 2018),
(463, 17, 1, 71, 16, 62, 114538, 2018),
(464, 17, 1, 71, 16, 63, 82567, 2018),
(465, 17, 1, 71, 16, 64, 2887, 2018),
(466, 17, 1, 71, 16, 65, 6153, 2018),
(467, 17, 1, 71, 16, 66, 51341, 2018),
(468, 17, 1, 72, 16, 62, 169718, 2018),
(469, 17, 1, 72, 16, 63, 123803, 2018),
(470, 17, 1, 72, 16, 64, 2285, 2018),
(471, 17, 1, 72, 16, 65, 6349, 2018),
(472, 17, 1, 72, 16, 66, 68373, 2018),
(473, 17, 1, 73, 16, 62, 116769, 2018),
(474, 17, 1, 73, 16, 63, 89828, 2018),
(475, 17, 1, 73, 16, 64, 1556, 2018),
(476, 17, 1, 73, 16, 65, 3781, 2018),
(477, 17, 1, 73, 16, 66, 52505, 2018),
(478, 17, 1, 74, 16, 62, 82225, 2018),
(479, 17, 1, 74, 16, 63, 60936, 2018),
(480, 17, 1, 74, 16, 64, 706, 2018),
(481, 17, 1, 74, 16, 65, 1897, 2018),
(482, 17, 1, 74, 16, 66, 34349, 2018),
(483, 17, 1, 75, 16, 62, 863452, 2018),
(484, 17, 1, 75, 16, 63, 634280, 2018),
(485, 17, 1, 75, 16, 64, 15587, 2018),
(486, 17, 1, 75, 16, 65, 46665, 2018),
(487, 17, 1, 75, 16, 66, 382867, 2018),
(488, 19, 1, 69, 23, 85, 933, 2018),
(489, 19, 1, 69, 23, 86, 874, 2018),
(490, 19, 1, 70, 23, 85, 2558, 2018),
(491, 19, 1, 70, 23, 86, 3278, 2018),
(492, 19, 1, 71, 23, 85, 1441, 2018),
(493, 19, 1, 71, 23, 86, 1396, 2018),
(494, 19, 1, 72, 23, 85, 2479, 2018),
(495, 19, 1, 72, 23, 86, 3062, 2018),
(496, 19, 1, 73, 23, 85, 2841, 2018),
(497, 19, 1, 73, 23, 86, 2776, 2018),
(498, 19, 1, 74, 23, 85, 11702, 2018),
(499, 19, 1, 74, 23, 86, 1624, 2018),
(500, 19, 1, 75, 23, 85, 12537, 2018),
(501, 19, 1, 75, 23, 86, 12427, 2018),
(502, 20, 1, 69, 24, 87, 110297, 2018),
(503, 20, 1, 69, 25, 88, 106638, 2018),
(504, 20, 1, 69, 25, 89, 3659, 2018),
(505, 20, 1, 70, 24, 87, 360141, 2018),
(506, 20, 1, 70, 25, 88, 274631, 2018),
(507, 20, 1, 70, 25, 89, 85510, 2018),
(508, 20, 1, 71, 24, 87, 148056, 2018),
(509, 20, 1, 71, 25, 88, 95042, 2018),
(510, 20, 1, 71, 25, 89, 53014, 2018),
(511, 20, 1, 72, 24, 87, 207333, 2018),
(512, 20, 1, 72, 25, 88, 151897, 2018),
(513, 20, 1, 72, 25, 89, 55436, 2018),
(514, 20, 1, 73, 24, 87, 145058, 2018),
(515, 20, 1, 73, 25, 88, 94120, 2018),
(516, 20, 1, 73, 25, 89, 50938, 2018),
(517, 20, 1, 74, 24, 87, 97361, 2018),
(518, 20, 1, 74, 25, 88, 73858, 2018),
(519, 20, 1, 74, 25, 89, 23503, 2018),
(520, 20, 1, 75, 24, 87, 1068246, 2018),
(521, 20, 1, 75, 25, 88, 796186, 2018),
(522, 20, 1, 75, 25, 89, 272060, 2018),
(523, 33, 33, 180, 66, 191, 0, 2018),
(524, 33, 33, 180, 66, 192, 0, 2018),
(525, 33, 33, 180, 66, 193, 1, 2018),
(526, 33, 33, 180, 66, 194, 1, 2018),
(527, 33, 33, 180, 66, 195, 2, 2018),
(528, 33, 33, 181, 66, 191, 0, 2018),
(529, 33, 33, 181, 66, 192, 0, 2018),
(530, 33, 33, 181, 66, 193, 1, 2018),
(531, 33, 33, 181, 66, 194, 0, 2018),
(532, 33, 33, 181, 66, 195, 1, 2018),
(533, 33, 33, 182, 66, 191, 0, 2018),
(534, 33, 33, 182, 66, 192, 0, 2018),
(535, 33, 33, 182, 66, 193, 2, 2018),
(536, 33, 33, 182, 66, 194, 0, 2018),
(537, 33, 33, 182, 66, 195, 2, 2018),
(538, 33, 33, 183, 66, 191, 1, 2018),
(539, 33, 33, 183, 66, 192, 0, 2018),
(540, 33, 33, 183, 66, 193, 2, 2018),
(541, 33, 33, 183, 66, 194, 1, 2018),
(542, 33, 33, 183, 66, 195, 4, 2018),
(543, 33, 33, 184, 66, 191, 1, 2018),
(544, 33, 33, 184, 66, 192, 1, 2018),
(545, 33, 33, 184, 66, 193, 4, 2018),
(546, 33, 33, 184, 66, 194, 3, 2018),
(547, 33, 33, 184, 66, 195, 9, 2018),
(548, 33, 33, 185, 66, 191, 2, 2018),
(549, 33, 33, 185, 66, 192, 0, 2018),
(550, 33, 33, 185, 66, 193, 3, 2018),
(551, 33, 33, 185, 66, 194, 1, 2018),
(552, 33, 33, 185, 66, 195, 6, 2018),
(553, 33, 33, 186, 66, 191, 1, 2018),
(554, 33, 33, 186, 66, 192, 0, 2018),
(555, 33, 33, 186, 66, 193, 8, 2018),
(556, 33, 33, 186, 66, 194, 1, 2018),
(557, 33, 33, 186, 66, 195, 10, 2018),
(558, 33, 33, 187, 66, 191, 2, 2018),
(559, 33, 33, 187, 66, 192, 0, 2018),
(560, 33, 33, 187, 66, 193, 0, 2018),
(561, 33, 33, 187, 66, 194, 3, 2018),
(562, 33, 33, 187, 66, 195, 5, 2018),
(563, 33, 33, 188, 66, 191, 1, 2018),
(564, 33, 33, 188, 66, 192, 0, 2018),
(565, 33, 33, 188, 66, 193, 1, 2018),
(566, 33, 33, 188, 66, 194, 0, 2018),
(567, 33, 33, 188, 66, 195, 2, 2018),
(568, 33, 33, 189, 66, 191, 0, 2018),
(569, 33, 33, 189, 66, 192, 0, 2018),
(570, 33, 33, 189, 66, 193, 3, 2018),
(571, 33, 33, 189, 66, 194, 0, 2018),
(572, 33, 33, 189, 66, 195, 3, 2018),
(573, 33, 33, 190, 66, 191, 0, 2018),
(574, 33, 33, 190, 66, 192, 0, 2018),
(575, 33, 33, 190, 66, 193, 0, 2018),
(576, 33, 33, 190, 66, 194, 1, 2018),
(577, 33, 33, 190, 66, 195, 1, 2018),
(578, 33, 33, 191, 66, 191, 8, 2018),
(579, 33, 33, 191, 66, 192, 1, 2018),
(580, 33, 33, 191, 66, 193, 25, 2018),
(581, 33, 33, 191, 66, 194, 11, 2018),
(582, 33, 33, 191, 66, 195, 45, 2018),
(583, 52, 1, 69, 122, 325, 21986303977, 2018),
(584, 52, 1, 69, 122, 326, 2709430363, 2018),
(585, 52, 1, 70, 122, 325, 20682283909, 2018),
(586, 52, 1, 70, 122, 326, 15326737250, 2018),
(587, 52, 1, 71, 122, 325, 2870657049, 2018),
(588, 52, 1, 71, 122, 326, 514358520, 2018),
(589, 52, 1, 72, 122, 325, 40244965199, 2018),
(590, 52, 1, 72, 122, 326, 3320157270, 2018),
(591, 52, 1, 73, 122, 325, 610091782, 2018),
(592, 52, 1, 73, 122, 326, 690868535, 2018),
(593, 52, 1, 74, 122, 325, 6777437698, 2018),
(594, 52, 1, 74, 122, 326, 544724830, 2018),
(595, 52, 1, 75, 122, 325, 93171739614, 2018),
(596, 52, 1, 75, 122, 326, 23106276768, 2018),
(597, 49, 1, 69, 112, 289, 47, 2018),
(598, 49, 1, 69, 112, 290, 0, 2018),
(599, 49, 1, 69, 112, 291, 145, 2018),
(600, 49, 1, 69, 112, 292, 990, 2018),
(601, 49, 1, 69, 113, 293, 5, 2018),
(602, 49, 1, 69, 113, 294, 0, 2018),
(603, 49, 1, 69, 114, 295, 12, 2018),
(604, 49, 1, 69, 114, 296, 2, 2018),
(605, 49, 1, 70, 112, 289, 126, 2018),
(606, 49, 1, 70, 112, 290, 46, 2018),
(607, 49, 1, 70, 112, 291, 14, 2018),
(608, 49, 1, 70, 112, 292, 1595, 2018),
(609, 49, 1, 70, 113, 293, 9, 2018),
(610, 49, 1, 70, 113, 294, 0, 2018),
(611, 49, 1, 70, 114, 295, 4, 2018),
(612, 49, 1, 70, 114, 296, 2, 2018),
(613, 49, 1, 71, 112, 289, 45, 2018),
(614, 49, 1, 71, 112, 290, 10, 2018),
(615, 49, 1, 71, 112, 291, 10, 2018),
(616, 49, 1, 71, 112, 292, 1071, 2018),
(617, 49, 1, 71, 113, 293, 6, 2018),
(618, 49, 1, 71, 113, 294, 45, 2018),
(619, 49, 1, 71, 114, 295, 8, 2018),
(620, 49, 1, 71, 114, 296, 2, 2018),
(621, 49, 1, 72, 112, 289, 88, 2018),
(622, 49, 1, 72, 112, 290, 1, 2018),
(623, 49, 1, 72, 112, 291, 8, 2018),
(624, 49, 1, 72, 112, 292, 1231, 2018),
(625, 49, 1, 72, 113, 293, 6, 2018),
(626, 49, 1, 72, 113, 294, 0, 2018),
(627, 49, 1, 72, 114, 295, 2, 2018),
(628, 49, 1, 72, 114, 296, 2, 2018),
(629, 49, 1, 73, 112, 289, 8, 2018),
(630, 49, 1, 73, 112, 290, 1, 2018),
(631, 49, 1, 73, 112, 291, 25, 2018),
(632, 49, 1, 73, 112, 292, 367, 2018),
(633, 49, 1, 73, 113, 293, 6, 2018),
(634, 49, 1, 73, 113, 294, 0, 2018),
(635, 49, 1, 73, 114, 295, 2, 2018),
(636, 49, 1, 73, 114, 296, 1, 2018),
(637, 49, 1, 74, 112, 289, 72, 2018),
(638, 49, 1, 74, 112, 290, 15, 2018),
(639, 49, 1, 74, 112, 291, 9, 2018),
(640, 49, 1, 74, 112, 292, 542, 2018),
(641, 49, 1, 74, 113, 293, 8, 2018),
(642, 49, 1, 74, 113, 294, 64, 2018),
(643, 49, 1, 74, 114, 295, 2, 2018),
(644, 49, 1, 74, 114, 296, 4, 2018),
(645, 49, 1, 75, 112, 289, 140, 2018),
(646, 49, 1, 75, 112, 290, 12, 2018),
(647, 49, 1, 75, 112, 291, 15, 2018),
(648, 49, 1, 75, 112, 292, 0, 2018),
(649, 49, 1, 75, 113, 293, 10, 2018),
(650, 49, 1, 75, 113, 294, 0, 2018),
(651, 49, 1, 75, 114, 295, 11, 2018),
(652, 49, 1, 75, 114, 296, 5, 2018),
(653, 34, 1, 69, 0, 188, 20, 2018),
(654, 34, 1, 69, 0, 189, 5, 2018),
(655, 34, 1, 69, 0, 190, 25, 2018),
(656, 34, 1, 70, 0, 188, 35, 2018),
(657, 34, 1, 70, 0, 189, 10, 2018),
(658, 34, 1, 70, 0, 190, 45, 2018),
(659, 34, 1, 71, 0, 188, 28, 2018),
(660, 34, 1, 71, 0, 189, 2, 2018),
(661, 34, 1, 71, 0, 190, 30, 2018),
(662, 34, 1, 72, 0, 188, 29, 2018),
(663, 34, 1, 72, 0, 189, 6, 2018),
(664, 34, 1, 72, 0, 190, 35, 2018),
(665, 34, 1, 73, 0, 188, 27, 2018),
(666, 34, 1, 73, 0, 189, 3, 2018),
(667, 34, 1, 73, 0, 190, 30, 2018),
(668, 34, 1, 74, 0, 188, 20, 2018),
(669, 34, 1, 74, 0, 189, 5, 2018),
(670, 34, 1, 74, 0, 190, 25, 2018),
(671, 34, 1, 75, 0, 188, 159, 2018),
(672, 34, 1, 75, 0, 189, 31, 2018),
(673, 34, 1, 75, 0, 190, 190, 2018),
(674, 53, 1, 69, 121, 323, 1786, 2018),
(675, 53, 1, 69, 121, 324, 5358, 2018),
(676, 53, 1, 70, 121, 323, 2234, 2018),
(677, 53, 1, 70, 121, 324, 6702, 2018),
(678, 53, 1, 71, 121, 323, 375, 2018),
(679, 53, 1, 71, 121, 324, 1125, 2018),
(680, 53, 1, 72, 121, 323, 3592, 2018),
(681, 53, 1, 72, 121, 324, 10776, 2018),
(682, 53, 1, 73, 121, 323, 568, 2018),
(683, 53, 1, 73, 121, 324, 1704, 2018),
(684, 53, 1, 74, 121, 323, 494, 2018),
(685, 53, 1, 74, 121, 324, 1482, 2018),
(686, 53, 1, 75, 121, 323, 9049, 2018),
(687, 53, 1, 75, 121, 324, 27147, 2018),
(688, 54, 1, 69, 120, 321, 3713, 2018),
(689, 54, 1, 69, 120, 322, 11139, 2018),
(690, 54, 1, 70, 120, 321, 10170, 2018),
(691, 54, 1, 70, 120, 322, 30510, 2018),
(692, 54, 1, 71, 120, 321, 2229, 2018),
(693, 54, 1, 71, 120, 322, 6897, 2018),
(694, 54, 1, 72, 120, 321, 8113, 2018),
(695, 54, 1, 72, 120, 322, 24339, 2018),
(696, 54, 1, 73, 120, 321, 1287, 2018),
(697, 54, 1, 73, 120, 322, 3061, 2018),
(698, 54, 1, 74, 120, 321, 1417, 2018),
(699, 54, 1, 74, 120, 322, 4251, 2018),
(700, 54, 1, 75, 120, 321, 26929, 2018),
(701, 54, 1, 75, 120, 322, 80197, 2018),
(702, 50, 1, 69, 119, 316, 0, 2018),
(703, 50, 1, 69, 119, 317, 1, 2018),
(704, 50, 1, 69, 119, 318, 0, 2018),
(705, 50, 1, 69, 119, 319, 1, 2018),
(706, 50, 1, 69, 119, 320, 2, 2018),
(707, 50, 1, 70, 119, 316, 1, 2018),
(708, 50, 1, 70, 119, 317, 0, 2018),
(709, 50, 1, 70, 119, 318, 1, 2018),
(710, 50, 1, 70, 119, 319, 1, 2018),
(711, 50, 1, 70, 119, 320, 3, 2018),
(712, 50, 1, 71, 119, 316, 0, 2018),
(713, 50, 1, 71, 119, 317, 0, 2018),
(714, 50, 1, 71, 119, 318, 0, 2018),
(715, 50, 1, 71, 119, 319, 0, 2018),
(716, 50, 1, 71, 119, 320, 0, 2018),
(717, 50, 1, 72, 119, 316, 1, 2018),
(718, 50, 1, 72, 119, 317, 1, 2018),
(719, 50, 1, 72, 119, 318, 1, 2018),
(720, 50, 1, 72, 119, 319, 1, 2018),
(721, 50, 1, 72, 119, 320, 4, 2018),
(722, 50, 1, 73, 119, 316, 0, 2018),
(723, 50, 1, 73, 119, 317, 0, 2018),
(724, 50, 1, 73, 119, 318, 0, 2018),
(725, 50, 1, 73, 119, 319, 0, 2018),
(726, 50, 1, 73, 119, 320, 0, 2018),
(727, 50, 1, 74, 119, 316, 0, 2018),
(728, 50, 1, 74, 119, 317, 0, 2018),
(729, 50, 1, 74, 119, 318, 1, 2018),
(730, 50, 1, 74, 119, 319, 0, 2018),
(731, 50, 1, 74, 119, 320, 1, 2018),
(732, 50, 1, 75, 119, 316, 2, 2018),
(733, 50, 1, 75, 119, 317, 2, 2018),
(734, 50, 1, 75, 119, 318, 3, 2018),
(735, 50, 1, 75, 119, 319, 3, 2018),
(736, 50, 1, 75, 119, 320, 10, 2018),
(737, 2, 25, 192, 131, 346, 9, 2018),
(738, 2, 25, 193, 131, 346, 13, 2018),
(739, 2, 25, 194, 131, 346, 31, 2018),
(740, 2, 25, 195, 131, 346, 7, 2018),
(741, 2, 25, 196, 131, 346, 1, 2018),
(742, 2, 25, 197, 131, 346, 1, 2018),
(743, 8, 1, 69, 4, 6, 837.9, 2018),
(744, 8, 1, 69, 4, 7, 103.3, 2018),
(745, 8, 1, 69, 4, 8, 110.21, 2018),
(746, 8, 1, 69, 4, 9, 621.2, 2018),
(747, 8, 1, 69, 4, 10, 834.71, 2018),
(748, 8, 1, 70, 4, 6, 1093.51, 2018),
(749, 8, 1, 70, 4, 7, 89.78, 2018),
(750, 8, 1, 70, 4, 8, 146.61, 2018),
(751, 8, 1, 70, 4, 9, 835.35, 2018),
(752, 8, 1, 70, 4, 10, 1071.74, 2018),
(753, 8, 1, 71, 4, 6, 944.77, 2018),
(754, 8, 1, 71, 4, 7, 175.61, 2018),
(755, 8, 1, 71, 4, 8, 115.64, 2018),
(756, 8, 1, 71, 4, 9, 649.77, 2018),
(757, 8, 1, 71, 4, 10, 941.02, 2018),
(758, 8, 1, 72, 4, 6, 991.51, 2018),
(759, 8, 1, 72, 4, 7, 144.52, 2018),
(760, 8, 1, 72, 4, 8, 208.35, 2018),
(761, 8, 1, 72, 4, 9, 666.86, 2018),
(762, 8, 1, 72, 4, 10, 1019.73, 2018),
(763, 8, 1, 73, 4, 6, 2475.4, 2018),
(764, 8, 1, 73, 4, 7, 145.26, 2018),
(765, 8, 1, 73, 4, 8, 15, 2018),
(766, 8, 1, 73, 4, 9, 2392.29, 2018),
(767, 8, 1, 73, 4, 10, 2552.55, 2018),
(768, 8, 1, 74, 4, 6, 610.21, 2018),
(769, 8, 1, 74, 4, 7, 104.71, 2018),
(770, 8, 1, 74, 4, 8, 48.39, 2018),
(771, 8, 1, 74, 4, 9, 465.88, 2018),
(772, 8, 1, 74, 4, 10, 618.98, 2018),
(773, 8, 1, 75, 4, 6, 6953.3, 2018),
(774, 8, 1, 75, 4, 7, 763.17, 2018),
(775, 8, 1, 75, 4, 8, 644.2, 2018),
(776, 8, 1, 75, 4, 9, 5631.35, 2018),
(777, 8, 1, 75, 4, 10, 7038.72, 2018),
(778, 47, 1, 69, 117, 303, 658, 2018),
(779, 47, 1, 69, 117, 304, 176.71, 2018),
(780, 47, 1, 69, 117, 305, 0, 2018),
(781, 47, 1, 69, 117, 306, 834.71, 2018),
(782, 47, 1, 70, 117, 303, 576.19, 2018),
(783, 47, 1, 70, 117, 304, 410.35, 2018),
(784, 47, 1, 70, 117, 305, 85.2, 2018),
(785, 47, 1, 70, 117, 306, 1071.74, 2018),
(786, 47, 1, 71, 117, 303, 232.35, 2018),
(787, 47, 1, 71, 117, 304, 708.67, 2018),
(788, 47, 1, 71, 117, 305, 0, 2018),
(789, 47, 1, 71, 117, 306, 941.02, 2018),
(790, 47, 1, 72, 117, 303, 530.84, 2018),
(791, 47, 1, 72, 117, 304, 488.9, 2018),
(792, 47, 1, 72, 117, 305, 0, 2018),
(793, 47, 1, 72, 117, 306, 1019.73, 2018),
(794, 47, 1, 73, 117, 303, 440.42, 2018),
(795, 47, 1, 73, 117, 304, 2112.13, 2018),
(796, 47, 1, 73, 117, 305, 0, 2018),
(797, 47, 1, 73, 117, 306, 2552.55, 2018),
(798, 47, 1, 74, 117, 303, 247.28, 2018),
(799, 47, 1, 74, 117, 304, 371.7, 2018),
(800, 47, 1, 74, 117, 305, 0, 2018),
(801, 47, 1, 74, 117, 306, 618.98, 2018),
(802, 47, 1, 75, 117, 303, 2685.07, 2018),
(803, 47, 1, 75, 117, 304, 4268.45, 2018),
(804, 47, 1, 75, 117, 305, 85.2, 2018),
(805, 47, 1, 75, 117, 306, 7038.72, 2018),
(806, 48, 1, 69, 118, 307, 320.23, 2018),
(807, 48, 1, 69, 118, 308, 174.4, 2018),
(808, 48, 1, 69, 118, 309, 151.22, 2018),
(809, 48, 1, 69, 118, 310, 188.86, 2018),
(810, 48, 1, 70, 118, 307, 667.3, 2018),
(811, 48, 1, 70, 118, 308, 189.8, 2018),
(812, 48, 1, 70, 118, 309, 95.99, 2018),
(813, 48, 1, 70, 118, 310, 118.64, 2018),
(814, 48, 1, 71, 118, 307, 148.73, 2018),
(815, 48, 1, 71, 118, 308, 296.97, 2018),
(816, 48, 1, 71, 118, 309, 118.23, 2018),
(817, 48, 1, 71, 118, 310, 377.09, 2018),
(818, 48, 1, 72, 118, 307, 283.09, 2018),
(819, 48, 1, 72, 118, 308, 147.91, 2018),
(820, 48, 1, 72, 118, 309, 451.75, 2018),
(821, 48, 1, 72, 118, 310, 136.98, 2018),
(822, 48, 1, 73, 118, 307, 719.39, 2018),
(823, 48, 1, 73, 118, 308, 530.66, 2018),
(824, 48, 1, 73, 118, 309, 459.7, 2018),
(825, 48, 1, 73, 118, 310, 842.8, 2018),
(826, 48, 1, 74, 118, 307, 181.32, 2018),
(827, 48, 1, 74, 118, 308, 57.69, 2018),
(828, 48, 1, 74, 118, 309, 254.27, 2018),
(829, 48, 1, 74, 118, 310, 125.7, 2018),
(830, 48, 1, 75, 118, 307, 2320.06, 2018),
(831, 48, 1, 75, 118, 308, 1397.44, 2018),
(832, 48, 1, 75, 118, 309, 1531.16, 2018),
(833, 48, 1, 75, 118, 310, 1790.07, 2018),
(834, 37, 1, 69, 69, 205, 0, 2018),
(835, 37, 1, 69, 69, 206, 29272.48, 2018),
(836, 37, 1, 69, 69, 207, 2807.22, 2018),
(837, 37, 1, 69, 69, 208, 20488.73, 2018),
(838, 37, 1, 69, 69, 209, 0, 2018),
(839, 37, 1, 69, 70, 210, 1674.99, 2018),
(840, 37, 1, 69, 70, 211, 5456.13, 2018),
(841, 37, 1, 69, 70, 212, 11047.3, 2018),
(842, 37, 1, 69, 70, 213, 19808.04, 2018),
(843, 37, 1, 69, 70, 214, 0, 2018),
(844, 37, 1, 70, 69, 205, 0, 2018),
(845, 37, 1, 70, 69, 206, 32530.77, 2018),
(846, 37, 1, 70, 69, 207, 13608.43, 2018),
(847, 37, 1, 70, 69, 208, 42886.24, 2018),
(848, 37, 1, 70, 69, 209, 283.56, 2018),
(849, 37, 1, 70, 70, 210, 21161.52, 2018),
(850, 37, 1, 70, 70, 211, 22783.07, 2018),
(851, 37, 1, 70, 70, 212, 25366.35, 2018),
(852, 37, 1, 70, 70, 213, 45408.52, 2018),
(853, 37, 1, 70, 70, 214, 28.56, 2018),
(854, 37, 1, 71, 69, 205, 2.51, 2018),
(855, 37, 1, 71, 69, 206, 88317.28, 2018),
(856, 37, 1, 71, 69, 207, 83169.87, 2018),
(857, 37, 1, 71, 69, 208, 30419.12, 2018),
(858, 37, 1, 71, 69, 209, 648.76, 2018),
(859, 37, 1, 71, 70, 210, 1288.6, 2018),
(860, 37, 1, 71, 70, 211, 6241.02, 2018),
(861, 37, 1, 71, 70, 212, 47133.14, 2018),
(862, 37, 1, 71, 70, 213, 33294.99, 2018),
(863, 37, 1, 71, 70, 214, 9880.83, 2018),
(864, 37, 1, 72, 69, 205, 1088.12, 2018),
(865, 37, 1, 72, 69, 206, 280750.1, 2018),
(866, 37, 1, 72, 69, 207, 32635.51, 2018),
(867, 37, 1, 72, 69, 208, 51439.81, 2018),
(868, 37, 1, 72, 69, 209, 231.06, 2018),
(869, 37, 1, 72, 70, 210, 14846.4, 2018),
(870, 37, 1, 72, 70, 211, 28394.8, 2018),
(871, 37, 1, 72, 70, 212, 26882.81, 2018),
(872, 37, 1, 72, 70, 213, 48467.21, 2018),
(873, 37, 1, 72, 70, 214, 59.65, 2018),
(874, 37, 1, 73, 69, 205, 49464.54, 2018),
(875, 37, 1, 73, 69, 206, 92110.67, 2018),
(876, 37, 1, 73, 69, 207, 13754.27, 2018),
(877, 37, 1, 73, 69, 208, 12912.73, 2018),
(878, 37, 1, 73, 69, 209, 0, 2018),
(879, 37, 1, 73, 70, 210, 18911.17, 2018),
(880, 37, 1, 73, 70, 211, 50338.6, 2018),
(881, 37, 1, 73, 70, 212, 45864.53, 2018),
(882, 37, 1, 73, 70, 213, 14120.3, 2018),
(883, 37, 1, 73, 70, 214, 0, 2018),
(884, 37, 1, 74, 69, 205, 883.33, 2018),
(885, 37, 1, 74, 69, 206, 193222.1, 2018),
(886, 37, 1, 74, 69, 207, 10421.27, 2018),
(887, 37, 1, 74, 69, 208, 6868.1, 2018),
(888, 37, 1, 74, 69, 209, 222.85, 2018),
(889, 37, 1, 74, 70, 210, 15946.5, 2018),
(890, 37, 1, 74, 70, 211, 49153.36, 2018),
(891, 37, 1, 74, 70, 212, 18669.16, 2018),
(892, 37, 1, 74, 70, 213, 13892.38, 2018),
(893, 37, 1, 74, 70, 214, 206.21, 2018),
(894, 37, 1, 75, 69, 205, 51438.5, 2018),
(895, 37, 1, 75, 69, 206, 716203.4, 2018),
(896, 37, 1, 75, 69, 207, 156396.57, 2018),
(897, 37, 1, 75, 69, 208, 165014.73, 2018),
(898, 37, 1, 75, 69, 209, 1386.23, 2018),
(899, 37, 1, 75, 70, 210, 73829.18, 2018),
(900, 37, 1, 75, 70, 211, 162366.98, 2018),
(901, 37, 1, 75, 70, 212, 174963.29, 2018),
(902, 37, 1, 75, 70, 213, 174991.44, 2018),
(903, 37, 1, 75, 70, 214, 10175.25, 2018),
(904, 46, 1, 69, 115, 297, 1489, 2018),
(905, 46, 1, 69, 115, 298, 25, 2018),
(906, 46, 1, 69, 115, 299, 554, 2018),
(907, 46, 1, 69, 115, 300, 27646, 2018),
(908, 46, 1, 69, 115, 301, 29714, 2018),
(909, 46, 1, 70, 115, 297, 4891, 2018),
(910, 46, 1, 70, 115, 298, 108, 2018),
(911, 46, 1, 70, 115, 299, 2861, 2018),
(912, 46, 1, 70, 115, 300, 96981, 2018),
(913, 46, 1, 70, 115, 301, 104841, 2018),
(914, 46, 1, 71, 115, 297, 546, 2018),
(915, 46, 1, 71, 115, 298, 22, 2018),
(916, 46, 1, 71, 115, 299, 431, 2018),
(917, 46, 1, 71, 115, 300, 10135, 2018),
(918, 46, 1, 71, 115, 301, 11134, 2018),
(919, 46, 1, 72, 115, 297, 6331, 2018),
(920, 46, 1, 72, 115, 298, 85, 2018),
(921, 46, 1, 72, 115, 299, 4860, 2018),
(922, 46, 1, 72, 115, 300, 111150, 2018),
(923, 46, 1, 72, 115, 301, 122426, 2018),
(924, 46, 1, 73, 115, 297, 1886, 2018),
(925, 46, 1, 73, 115, 298, 51, 2018),
(926, 46, 1, 73, 115, 299, 2257, 2018),
(927, 46, 1, 73, 115, 300, 34559, 2018),
(928, 46, 1, 73, 115, 301, 38753, 2018),
(929, 46, 1, 74, 115, 297, 0, 2018),
(930, 46, 1, 74, 115, 298, 0, 2018),
(931, 46, 1, 74, 115, 299, 0, 2018),
(932, 46, 1, 74, 115, 300, 0, 2018),
(933, 46, 1, 74, 115, 301, 0, 2018),
(934, 46, 1, 75, 115, 297, 15143, 2018),
(935, 46, 1, 75, 115, 298, 291, 2018),
(936, 46, 1, 75, 115, 299, 10963, 2018),
(937, 46, 1, 75, 115, 300, 280471, 2018),
(938, 46, 1, 75, 115, 301, 306868, 2018),
(939, 61, 1, 69, 132, 354, 2, 2018),
(940, 61, 1, 69, 132, 355, 2, 2018),
(941, 61, 1, 69, 133, 356, 0, 2018),
(942, 61, 1, 69, 133, 357, 0, 2018),
(943, 61, 1, 69, 133, 358, 0, 2018),
(944, 61, 1, 70, 132, 354, 3, 2018),
(945, 61, 1, 70, 132, 355, 3, 2018),
(946, 61, 1, 70, 133, 356, 1, 2018),
(947, 61, 1, 70, 133, 357, 0, 2018),
(948, 61, 1, 70, 133, 358, 1, 2018),
(949, 61, 1, 71, 132, 354, 2, 2018),
(950, 61, 1, 71, 132, 355, 2, 2018),
(951, 61, 1, 71, 133, 356, 15, 2018),
(952, 61, 1, 71, 133, 357, 0, 2018),
(953, 61, 1, 71, 133, 358, 15, 2018),
(954, 61, 1, 72, 132, 354, 9, 2018),
(955, 61, 1, 72, 132, 355, 9, 2018),
(956, 61, 1, 72, 133, 356, 0, 2018),
(957, 61, 1, 72, 133, 357, 0, 2018),
(958, 61, 1, 72, 133, 358, 0, 2018),
(959, 61, 1, 73, 132, 354, 2, 2018),
(960, 61, 1, 73, 132, 355, 2, 2018),
(961, 61, 1, 73, 133, 356, 0, 2018),
(962, 61, 1, 73, 133, 357, 0, 2018),
(963, 61, 1, 73, 133, 358, 0, 2018),
(964, 61, 1, 74, 132, 354, 2, 2018),
(965, 61, 1, 74, 132, 355, 2, 2018),
(966, 61, 1, 74, 133, 356, 0, 2018),
(967, 61, 1, 74, 133, 357, 0, 2018),
(968, 61, 1, 74, 133, 358, 0, 2018),
(969, 61, 1, 75, 132, 354, 20, 2018),
(970, 61, 1, 75, 132, 355, 20, 2018),
(971, 61, 1, 75, 133, 356, 16, 2018),
(972, 61, 1, 75, 133, 357, 0, 2018),
(973, 61, 1, 75, 133, 358, 16, 2018),
(974, 63, 1, 69, 136, 371, 0, 2018),
(975, 63, 1, 69, 136, 372, 10, 2018),
(976, 63, 1, 69, 136, 373, 20, 2018),
(977, 63, 1, 69, 136, 374, 0, 2018),
(978, 63, 1, 69, 136, 375, 0, 2018),
(979, 63, 1, 69, 136, 376, 30, 2018),
(980, 63, 1, 70, 136, 371, 0, 2018),
(981, 63, 1, 70, 136, 372, 15, 2018),
(982, 63, 1, 70, 136, 373, 25, 2018),
(983, 63, 1, 70, 136, 374, 0, 2018),
(984, 63, 1, 70, 136, 375, 0, 2018),
(985, 63, 1, 70, 136, 376, 15, 2018),
(986, 63, 1, 71, 136, 371, 0, 2018),
(987, 63, 1, 71, 136, 372, 3, 2018),
(988, 63, 1, 71, 136, 373, 10, 2018),
(989, 63, 1, 71, 136, 374, 0, 2018),
(990, 63, 1, 71, 136, 375, 1, 2018),
(991, 63, 1, 71, 136, 376, 10, 2018),
(992, 63, 1, 72, 136, 371, 2, 2018),
(993, 63, 1, 72, 136, 372, 20, 2018),
(994, 63, 1, 72, 136, 373, 30, 2018),
(995, 63, 1, 72, 136, 374, 0, 2018),
(996, 63, 1, 72, 136, 375, 3, 2018),
(997, 63, 1, 72, 136, 376, 30, 2018),
(998, 63, 1, 73, 136, 371, 0, 2018),
(999, 63, 1, 73, 136, 372, 8, 2018),
(1000, 63, 1, 73, 136, 373, 12, 2018),
(1001, 63, 1, 73, 136, 374, 0, 2018),
(1002, 63, 1, 73, 136, 375, 0, 2018),
(1003, 63, 1, 73, 136, 376, 20, 2018),
(1004, 63, 1, 74, 136, 371, 0, 2018),
(1005, 63, 1, 74, 136, 372, 3, 2018),
(1006, 63, 1, 74, 136, 373, 8, 2018),
(1007, 63, 1, 74, 136, 374, 0, 2018),
(1008, 63, 1, 74, 136, 375, 0, 2018),
(1009, 63, 1, 74, 136, 376, 15, 2018),
(1010, 63, 1, 75, 136, 371, 2, 2018),
(1011, 63, 1, 75, 136, 372, 59, 2018),
(1012, 63, 1, 75, 136, 373, 105, 2018),
(1013, 63, 1, 75, 136, 374, 0, 2018),
(1014, 63, 1, 75, 136, 375, 4, 2018),
(1015, 63, 1, 75, 136, 376, 120, 2018),
(1016, 42, 1, 69, 81, 238, 8857, 2017),
(1017, 42, 1, 69, 82, 239, 0, 2017),
(1018, 42, 1, 69, 83, 240, 8857, 2017),
(1019, 42, 1, 70, 81, 238, 25243, 2017),
(1020, 42, 1, 70, 82, 239, 0, 2017),
(1021, 42, 1, 70, 83, 240, 25243, 2017),
(1022, 42, 1, 71, 81, 238, 0, 2017),
(1023, 42, 1, 71, 82, 239, 0, 2017),
(1024, 42, 1, 71, 83, 240, 0, 2017),
(1025, 42, 1, 72, 81, 238, 11862, 2017),
(1026, 42, 1, 72, 82, 239, 0, 2017),
(1027, 42, 1, 72, 83, 240, 11862, 2017),
(1028, 42, 1, 73, 81, 238, 8754, 2017),
(1029, 42, 1, 73, 82, 239, 0, 2017),
(1030, 42, 1, 73, 83, 240, 8754, 2017),
(1031, 42, 1, 74, 81, 238, 1384, 2017),
(1032, 42, 1, 74, 82, 239, 0, 2017),
(1033, 42, 1, 74, 83, 240, 1384, 2017),
(1034, 42, 1, 75, 81, 238, 56100, 2017),
(1035, 42, 1, 75, 82, 239, 0, 2017),
(1036, 42, 1, 75, 83, 240, 56100, 2017),
(1037, 44, 1, 69, 102, 270, 2, 2018),
(1038, 44, 1, 69, 102, 271, 8, 2018),
(1039, 44, 1, 69, 102, 272, 6, 2018),
(1040, 44, 1, 69, 102, 273, 1, 2018),
(1041, 44, 1, 69, 102, 274, 0, 2018),
(1042, 44, 1, 69, 102, 275, 6, 2018),
(1043, 44, 1, 69, 102, 276, 1, 2018),
(1044, 44, 1, 69, 102, 277, 2, 2018),
(1045, 44, 1, 69, 102, 278, 2, 2018),
(1046, 44, 1, 69, 102, 279, 28, 2018),
(1047, 44, 1, 70, 102, 270, 20, 2018),
(1048, 44, 1, 70, 102, 271, 12, 2018),
(1049, 44, 1, 70, 102, 272, 11, 2018),
(1050, 44, 1, 70, 102, 273, 2, 2018),
(1051, 44, 1, 70, 102, 274, 5, 2018),
(1052, 44, 1, 70, 102, 275, 9, 2018),
(1053, 44, 1, 70, 102, 276, 2, 2018),
(1054, 44, 1, 70, 102, 277, 1, 2018),
(1055, 44, 1, 70, 102, 278, 0, 2018),
(1056, 44, 1, 70, 102, 279, 62, 2018),
(1057, 44, 1, 71, 102, 270, 43, 2018),
(1058, 44, 1, 71, 102, 271, 0, 2018),
(1059, 44, 1, 71, 102, 272, 62, 2018),
(1060, 44, 1, 71, 102, 273, 1, 2018),
(1061, 44, 1, 71, 102, 274, 1, 2018),
(1062, 44, 1, 71, 102, 275, 0, 2018),
(1063, 44, 1, 71, 102, 276, 0, 2018),
(1064, 44, 1, 71, 102, 277, 0, 2018),
(1065, 44, 1, 71, 102, 278, 0, 2018),
(1066, 44, 1, 71, 102, 279, 107, 2018),
(1067, 44, 1, 72, 102, 270, 23, 2018),
(1068, 44, 1, 72, 102, 271, 15, 2018),
(1069, 44, 1, 72, 102, 272, 7, 2018),
(1070, 44, 1, 72, 102, 273, 0, 2018),
(1071, 44, 1, 72, 102, 274, 0, 2018),
(1072, 44, 1, 72, 102, 275, 0, 2018),
(1073, 44, 1, 72, 102, 276, 2, 2018),
(1074, 44, 1, 72, 102, 277, 1, 2018),
(1075, 44, 1, 72, 102, 278, 0, 2018),
(1076, 44, 1, 72, 102, 279, 48, 2018),
(1077, 44, 1, 73, 102, 270, 22, 2018),
(1078, 44, 1, 73, 102, 271, 25, 2018),
(1079, 44, 1, 73, 102, 272, 2, 2018),
(1080, 44, 1, 73, 102, 273, 2, 2018),
(1081, 44, 1, 73, 102, 274, 2, 2018),
(1082, 44, 1, 73, 102, 275, 2, 2018),
(1083, 44, 1, 73, 102, 276, 0, 2018),
(1084, 44, 1, 73, 102, 277, 1, 2018),
(1085, 44, 1, 73, 102, 278, 0, 2018),
(1086, 44, 1, 73, 102, 279, 56, 2018),
(1087, 44, 1, 74, 102, 270, 31, 2018),
(1088, 44, 1, 74, 102, 271, 23, 2018),
(1089, 44, 1, 74, 102, 272, 8, 2018),
(1090, 44, 1, 74, 102, 273, 1, 2018),
(1091, 44, 1, 74, 102, 274, 11, 2018),
(1092, 44, 1, 74, 102, 275, 0, 2018),
(1093, 44, 1, 74, 102, 276, 0, 2018),
(1094, 44, 1, 74, 102, 277, 0, 2018),
(1095, 44, 1, 74, 102, 278, 0, 2018),
(1096, 44, 1, 74, 102, 279, 74, 2018),
(1097, 44, 1, 75, 102, 270, 141, 2018),
(1098, 44, 1, 75, 102, 271, 83, 2018),
(1099, 44, 1, 75, 102, 272, 96, 2018),
(1100, 44, 1, 75, 102, 273, 7, 2018),
(1101, 44, 1, 75, 102, 274, 19, 2018),
(1102, 44, 1, 75, 102, 275, 17, 2018),
(1103, 44, 1, 75, 102, 276, 5, 2018),
(1104, 44, 1, 75, 102, 277, 5, 2018),
(1105, 44, 1, 75, 102, 278, 2, 2018),
(1106, 44, 1, 75, 102, 279, 375, 2018),
(1107, 55, 1, 69, 125, 329, 10633, 2018),
(1108, 55, 1, 69, 125, 330, 105490, 2018),
(1109, 55, 1, 69, 126, 331, 1169630000, 2018),
(1110, 55, 1, 69, 126, 332, 11603900000, 2018),
(1111, 55, 1, 70, 125, 329, 36079, 2018),
(1112, 55, 1, 70, 125, 330, 360790, 2018),
(1113, 55, 1, 70, 126, 331, 3968690000, 2018),
(1114, 55, 1, 70, 126, 332, 39686900000, 2018),
(1115, 55, 1, 71, 125, 329, 10433, 2018),
(1116, 55, 1, 71, 125, 330, 104330, 2018),
(1117, 55, 1, 71, 126, 331, 1147630000, 2018),
(1118, 55, 1, 71, 126, 332, 11476300000, 2018),
(1119, 55, 1, 72, 125, 329, 8158, 2018),
(1120, 55, 1, 72, 125, 330, 81580, 2018),
(1121, 55, 1, 72, 126, 331, 897380000, 2018),
(1122, 55, 1, 72, 126, 332, 8973800000, 2018),
(1123, 55, 1, 73, 125, 329, 5687, 2018),
(1124, 55, 1, 73, 125, 330, 56870, 2018),
(1125, 55, 1, 73, 126, 331, 625570000, 2018),
(1126, 55, 1, 73, 126, 332, 6255700000, 2018),
(1127, 55, 1, 74, 125, 329, 2994, 2018),
(1128, 55, 1, 74, 125, 330, 29940, 2018),
(1129, 55, 1, 74, 126, 331, 329340000, 2018),
(1130, 55, 1, 74, 126, 332, 3293400000, 2018),
(1131, 55, 1, 75, 125, 329, 73984, 2018),
(1132, 55, 1, 75, 125, 330, 739000, 2018),
(1133, 55, 1, 75, 126, 331, 8138240000, 2018),
(1134, 55, 1, 75, 126, 332, 81290000000, 2018),
(1135, 43, 37, 163, 88, 249, 6, 2018),
(1136, 43, 37, 163, 88, 250, 4.76, 2018),
(1137, 43, 37, 163, 89, 251, 4306.06, 2018),
(1138, 43, 37, 163, 89, 252, 7.23, 2018),
(1139, 43, 37, 164, 88, 249, 6, 2018),
(1140, 43, 37, 164, 88, 250, 4.76, 2018),
(1141, 43, 37, 164, 89, 251, 38605.8, 2018),
(1142, 43, 37, 164, 89, 252, 64.83, 2018),
(1143, 43, 37, 165, 88, 249, 3, 2018),
(1144, 43, 37, 165, 88, 250, 2.38, 2018),
(1145, 43, 37, 165, 89, 251, 12722, 2018),
(1146, 43, 37, 165, 89, 252, 21.36, 2018),
(1147, 43, 37, 166, 88, 249, 111, 2018),
(1148, 43, 37, 166, 88, 250, 88.1, 2018),
(1149, 43, 37, 166, 89, 251, 3915.2, 2018),
(1150, 43, 37, 166, 89, 252, 6.57, 2018),
(1151, 43, 37, 167, 88, 249, 126, 2018),
(1152, 43, 37, 167, 88, 250, 100, 2018),
(1153, 43, 37, 167, 89, 251, 59549.06, 2018),
(1154, 43, 37, 167, 89, 252, 100, 2018),
(1155, 56, 1, 69, 127, 333, 7660, 2018),
(1156, 56, 1, 69, 127, 334, 48, 2018),
(1157, 56, 1, 69, 127, 335, 0, 2018),
(1158, 56, 1, 69, 127, 336, 0, 2018),
(1159, 56, 1, 70, 127, 333, 19454, 2018),
(1160, 56, 1, 70, 127, 334, 268, 2018),
(1161, 56, 1, 70, 127, 335, 0, 2018),
(1162, 56, 1, 70, 127, 336, 0, 2018),
(1163, 56, 1, 71, 127, 333, 10776, 2018),
(1164, 56, 1, 71, 127, 334, 0, 2018),
(1165, 56, 1, 71, 127, 335, 0, 2018),
(1166, 56, 1, 71, 127, 336, 0, 2018),
(1167, 56, 1, 72, 127, 333, 6734, 2018),
(1168, 56, 1, 72, 127, 334, 110, 2018),
(1169, 56, 1, 72, 127, 335, 0, 2018),
(1170, 56, 1, 72, 127, 336, 0, 2018),
(1171, 56, 1, 73, 127, 333, 2559, 2018),
(1172, 56, 1, 73, 127, 334, 50, 2018),
(1173, 56, 1, 73, 127, 335, 0, 2018),
(1174, 56, 1, 73, 127, 336, 0, 2018),
(1175, 56, 1, 74, 127, 333, 0, 2018),
(1176, 56, 1, 74, 127, 334, 127, 2018),
(1177, 56, 1, 74, 127, 335, 0, 2018),
(1178, 56, 1, 74, 127, 336, 0, 2018),
(1179, 56, 1, 75, 127, 333, 47183, 2018),
(1180, 56, 1, 75, 127, 334, 603, 2018),
(1181, 56, 1, 75, 127, 335, 0, 2018),
(1182, 56, 1, 75, 127, 336, 0, 2018),
(1183, 58, 1, 69, 90, 253, 0, 2017),
(1184, 58, 1, 69, 91, 254, 0, 2017),
(1185, 58, 1, 69, 92, 255, 0, 2017),
(1186, 58, 1, 69, 93, 256, 1, 2017),
(1187, 58, 1, 69, 94, 257, 0, 2017),
(1188, 58, 1, 69, 95, 258, 114, 2017),
(1189, 58, 1, 69, 96, 259, 0, 2017),
(1190, 58, 1, 69, 97, 260, 0, 2017),
(1191, 58, 1, 69, 98, 261, 0, 2017),
(1192, 58, 1, 69, 99, 262, 0, 2017),
(1193, 58, 1, 69, 100, 263, 757, 2017),
(1194, 58, 1, 69, 101, 264, 1, 2017),
(1195, 58, 1, 69, 128, 339, 872, 2017),
(1196, 58, 1, 70, 90, 253, 0, 2017),
(1197, 58, 1, 70, 91, 254, 0, 2017),
(1198, 58, 1, 70, 92, 255, 0, 2017),
(1199, 58, 1, 70, 93, 256, 0, 2017),
(1200, 58, 1, 70, 94, 257, 0, 2017),
(1201, 58, 1, 70, 95, 258, 681, 2017),
(1202, 58, 1, 70, 96, 259, 0, 2017),
(1203, 58, 1, 70, 97, 260, 131, 2017),
(1204, 58, 1, 70, 98, 261, 10582, 2017),
(1205, 58, 1, 70, 99, 262, 240, 2017),
(1206, 58, 1, 70, 100, 263, 12032, 2017),
(1207, 58, 1, 70, 101, 264, 216, 2017),
(1208, 58, 1, 70, 128, 339, 23882, 2017),
(1209, 58, 1, 71, 90, 253, 0, 2017),
(1210, 58, 1, 71, 91, 254, 0, 2017),
(1211, 58, 1, 71, 92, 255, 0, 2017),
(1212, 58, 1, 71, 93, 256, 0, 2017),
(1213, 58, 1, 71, 94, 257, 0, 2017),
(1214, 58, 1, 71, 95, 258, 317, 2017),
(1215, 58, 1, 71, 96, 259, 0, 2017),
(1216, 58, 1, 71, 97, 260, 2829, 2017),
(1217, 58, 1, 71, 98, 261, 0, 2017),
(1218, 58, 1, 71, 99, 262, 0, 2017),
(1219, 58, 1, 71, 100, 263, 0, 2017),
(1220, 58, 1, 71, 101, 264, 0, 2017),
(1221, 58, 1, 71, 128, 339, 3146, 2017),
(1222, 58, 1, 72, 90, 253, 0, 2017),
(1223, 58, 1, 72, 91, 254, 0, 2017),
(1224, 58, 1, 72, 92, 255, 0, 2017),
(1225, 58, 1, 72, 93, 256, 0, 2017),
(1226, 58, 1, 72, 94, 257, 0, 2017),
(1227, 58, 1, 72, 95, 258, 126, 2017),
(1228, 58, 1, 72, 96, 259, 0, 2017),
(1229, 58, 1, 72, 97, 260, 0, 2017),
(1230, 58, 1, 72, 98, 261, 59583, 2017),
(1231, 58, 1, 72, 99, 262, 0, 2017),
(1232, 58, 1, 72, 100, 263, 1392, 2017),
(1233, 58, 1, 72, 101, 264, 0, 2017),
(1234, 58, 1, 72, 128, 339, 61101, 2017),
(1235, 58, 1, 73, 90, 253, 0, 2017),
(1236, 58, 1, 73, 91, 254, 0, 2017),
(1237, 58, 1, 73, 92, 255, 0, 2017),
(1238, 58, 1, 73, 93, 256, 0, 2017),
(1239, 58, 1, 73, 94, 257, 0, 2017),
(1240, 58, 1, 73, 95, 258, 1461, 2017),
(1241, 58, 1, 73, 96, 259, 0, 2017),
(1242, 58, 1, 73, 97, 260, 0, 2017),
(1243, 58, 1, 73, 98, 261, 7, 2017),
(1244, 58, 1, 73, 99, 262, 122, 2017),
(1245, 58, 1, 73, 100, 263, 8806, 2017),
(1246, 58, 1, 73, 101, 264, 0, 2017),
(1247, 58, 1, 73, 128, 339, 10395, 2017),
(1248, 58, 1, 74, 90, 253, 0, 2017),
(1249, 58, 1, 74, 91, 254, 0, 2017),
(1250, 58, 1, 74, 92, 255, 0, 2017),
(1251, 58, 1, 74, 93, 256, 0, 2017),
(1252, 58, 1, 74, 94, 257, 0, 2017),
(1253, 58, 1, 74, 95, 258, 59, 2017),
(1254, 58, 1, 74, 96, 259, 0, 2017),
(1255, 58, 1, 74, 97, 260, 0, 2017),
(1256, 58, 1, 74, 98, 261, 71, 2017),
(1257, 58, 1, 74, 99, 262, 90, 2017),
(1258, 58, 1, 74, 100, 263, 4704, 2017),
(1259, 58, 1, 74, 101, 264, 0, 2017),
(1260, 58, 1, 74, 128, 339, 4924, 2017),
(1261, 58, 1, 75, 90, 253, 0, 2017),
(1262, 58, 1, 75, 91, 254, 0, 2017),
(1263, 58, 1, 75, 92, 255, 0, 2017),
(1264, 58, 1, 75, 93, 256, 1, 2017),
(1265, 58, 1, 75, 94, 257, 0, 2017),
(1266, 58, 1, 75, 95, 258, 2758, 2017),
(1267, 58, 1, 75, 96, 259, 0, 2017),
(1268, 58, 1, 75, 97, 260, 2960, 2017),
(1269, 58, 1, 75, 98, 261, 70243, 2017),
(1270, 58, 1, 75, 99, 262, 452, 2017),
(1271, 58, 1, 75, 100, 263, 27690, 2017),
(1272, 58, 1, 75, 101, 264, 0, 2017),
(1273, 58, 1, 75, 128, 339, 104321, 2017),
(1274, 40, 36, 156, 75, 231, 87800840, 2018),
(1275, 40, 36, 156, 76, 232, 114893486, 2018),
(1276, 40, 36, 156, 77, 233, 109250702, 2018),
(1277, 40, 36, 156, 78, 234, 0, 2018),
(1278, 40, 36, 156, 79, 235, 5642784, 2018),
(1279, 40, 36, 157, 75, 231, 63772900, 2018),
(1280, 40, 36, 157, 76, 232, 67557806, 2018),
(1281, 40, 36, 157, 77, 233, 62020216, 2018),
(1282, 40, 36, 157, 78, 234, 52071, 2018),
(1283, 40, 36, 157, 79, 235, 5537590, 2018),
(1284, 40, 36, 158, 75, 231, 47237530, 2018),
(1285, 40, 36, 158, 76, 232, 65935243, 2018),
(1286, 40, 36, 158, 77, 233, 61441881, 2018),
(1287, 40, 36, 158, 78, 234, 0, 2018),
(1288, 40, 36, 158, 79, 235, 4493362, 2018),
(1289, 40, 36, 159, 75, 231, 51117933, 2018),
(1290, 40, 36, 159, 76, 232, 54859854, 2018),
(1291, 40, 36, 159, 77, 233, 52453476, 2018),
(1292, 40, 36, 159, 78, 234, 0, 2018),
(1293, 40, 36, 159, 79, 235, 2406378, 2018),
(1294, 40, 36, 160, 75, 231, 37034550, 2018),
(1295, 40, 36, 160, 76, 232, 49449445, 2018),
(1296, 40, 36, 160, 77, 233, 47079161, 2018),
(1297, 40, 36, 160, 78, 234, 0, 2018),
(1298, 40, 36, 160, 79, 235, 2370284, 2018),
(1299, 40, 36, 161, 75, 231, 17210600, 2018),
(1300, 40, 36, 161, 76, 232, 13660551, 2018),
(1301, 40, 36, 161, 77, 233, 13045144, 2018),
(1302, 40, 36, 161, 78, 234, 0, 2018),
(1303, 40, 36, 161, 79, 235, 615407, 2018),
(1304, 40, 36, 162, 75, 231, 304174353, 2018),
(1305, 40, 36, 162, 76, 232, 366356385, 2018),
(1306, 40, 36, 162, 77, 233, 345290580, 2018),
(1307, 40, 36, 162, 78, 234, 52071, 2018),
(1308, 40, 36, 162, 79, 235, 21065805, 2018),
(1309, 57, 1, 69, 129, 340, 0, 2018),
(1310, 57, 1, 69, 129, 341, 0, 2018),
(1311, 57, 1, 70, 129, 340, 20, 2018),
(1312, 57, 1, 70, 129, 341, 400000000, 2018),
(1313, 57, 1, 71, 129, 340, 20, 2018),
(1314, 57, 1, 71, 129, 341, 400000000, 2018),
(1315, 57, 1, 72, 129, 340, 53, 2018),
(1316, 57, 1, 72, 129, 341, 1060000000, 2018),
(1317, 57, 1, 73, 129, 340, 0, 2018),
(1318, 57, 1, 73, 129, 341, 0, 2018),
(1319, 57, 1, 74, 129, 340, 7, 2018),
(1320, 57, 1, 74, 129, 341, 140000000, 2018),
(1321, 57, 1, 75, 129, 340, 100, 2018),
(1322, 57, 1, 75, 129, 341, 2000000000, 2018),
(1323, 59, 1, 69, 130, 347, 0, 2018),
(1324, 59, 1, 69, 130, 348, 23, 2018),
(1325, 59, 1, 69, 130, 349, 8, 2018),
(1326, 59, 1, 69, 130, 350, 2, 2018),
(1327, 59, 1, 70, 130, 347, 0, 2018),
(1328, 59, 1, 70, 130, 348, 93, 2018),
(1329, 59, 1, 70, 130, 349, 4, 2018),
(1330, 59, 1, 70, 130, 350, 1, 2018),
(1331, 59, 1, 71, 130, 347, 0, 2018),
(1332, 59, 1, 71, 130, 348, 93, 2018),
(1333, 59, 1, 71, 130, 349, 4, 2018),
(1334, 59, 1, 71, 130, 350, 2, 2018),
(1335, 59, 1, 72, 130, 347, 35, 2018),
(1336, 59, 1, 72, 130, 348, 26, 2018),
(1337, 59, 1, 72, 130, 349, 3, 2018),
(1338, 59, 1, 72, 130, 350, 4, 2018),
(1339, 59, 1, 73, 130, 347, 28, 2018),
(1340, 59, 1, 73, 130, 348, 1, 2018),
(1341, 59, 1, 73, 130, 349, 0, 2018),
(1342, 59, 1, 73, 130, 350, 0, 2018),
(1343, 59, 1, 74, 130, 347, 0, 2018),
(1344, 59, 1, 74, 130, 348, 1, 2018),
(1345, 59, 1, 74, 130, 349, 0, 2018),
(1346, 59, 1, 74, 130, 350, 0, 2018),
(1347, 59, 1, 75, 130, 347, 63, 2018),
(1348, 59, 1, 75, 130, 348, 237, 2018),
(1349, 59, 1, 75, 130, 349, 19, 2018),
(1350, 59, 1, 75, 130, 350, 9, 2018),
(1351, 38, 1, 69, 73, 221, 30, 2018),
(1352, 38, 1, 69, 73, 222, 184, 2018),
(1353, 38, 1, 69, 73, 223, 161, 2018),
(1354, 38, 1, 69, 73, 224, 19, 2018),
(1355, 38, 1, 69, 73, 225, 9, 2018),
(1356, 38, 1, 70, 73, 221, 66, 2018),
(1357, 38, 1, 70, 73, 222, 313, 2018),
(1358, 38, 1, 70, 73, 223, 251, 2018),
(1359, 38, 1, 70, 73, 224, 41, 2018);
INSERT INTO `data` (`id`, `template_id`, `row_id`, `row_detail_id`, `column_id`, `column_detail_id`, `value`, `year`) VALUES
(1360, 38, 1, 70, 73, 225, 22, 2018),
(1361, 38, 1, 71, 73, 221, 13, 2018),
(1362, 38, 1, 71, 73, 222, 160, 2018),
(1363, 38, 1, 71, 73, 223, 165, 2018),
(1364, 38, 1, 71, 73, 224, 23, 2018),
(1365, 38, 1, 71, 73, 225, 24, 2018),
(1366, 38, 1, 72, 73, 221, 72, 2018),
(1367, 38, 1, 72, 73, 222, 643, 2018),
(1368, 38, 1, 72, 73, 223, 392, 2018),
(1369, 38, 1, 72, 73, 224, 61, 2018),
(1370, 38, 1, 72, 73, 225, 31, 2018),
(1371, 38, 1, 73, 73, 221, 29, 2018),
(1372, 38, 1, 73, 73, 222, 136, 2018),
(1373, 38, 1, 73, 73, 223, 148, 2018),
(1374, 38, 1, 73, 73, 224, 27, 2018),
(1375, 38, 1, 73, 73, 225, 15, 2018),
(1376, 38, 1, 74, 73, 221, 7, 2018),
(1377, 38, 1, 74, 73, 222, 346, 2018),
(1378, 38, 1, 74, 73, 223, 508, 2018),
(1379, 38, 1, 74, 73, 224, 27, 2018),
(1380, 38, 1, 74, 73, 225, 11, 2018),
(1381, 38, 1, 75, 73, 221, 217, 2018),
(1382, 38, 1, 75, 73, 222, 1782, 2018),
(1383, 38, 1, 75, 73, 223, 1625, 2018),
(1384, 38, 1, 75, 73, 224, 198, 2018),
(1385, 38, 1, 75, 73, 225, 112, 2018),
(1386, 64, 1, 69, 137, 377, 144835000, 2018),
(1387, 64, 1, 69, 137, 378, 266628000, 2018),
(1388, 64, 1, 70, 137, 377, 0, 2018),
(1389, 64, 1, 70, 137, 378, 0, 2018),
(1390, 64, 1, 71, 137, 377, 0, 2018),
(1391, 64, 1, 71, 137, 378, 0, 2018),
(1392, 64, 1, 72, 137, 377, 0, 2018),
(1393, 64, 1, 72, 137, 378, 0, 2018),
(1394, 64, 1, 73, 137, 377, 0, 2018),
(1395, 64, 1, 73, 137, 378, 0, 2018),
(1396, 64, 1, 74, 137, 377, 0, 2018),
(1397, 64, 1, 74, 137, 378, 0, 2018),
(1398, 64, 1, 75, 137, 377, 144835000, 2018),
(1399, 64, 1, 75, 137, 378, 266628000, 2018),
(1400, 66, 1, 69, 142, 398, 0, 2018),
(1401, 66, 1, 69, 142, 399, 313, 2018),
(1402, 66, 1, 69, 142, 400, 188, 2018),
(1403, 66, 1, 69, 142, 401, 0, 2018),
(1404, 66, 1, 69, 142, 402, 0, 2018),
(1405, 66, 1, 69, 142, 403, 0, 2018),
(1406, 66, 1, 69, 142, 404, 501, 2018),
(1407, 66, 1, 70, 142, 398, 80, 2018),
(1408, 66, 1, 70, 142, 399, 283, 2018),
(1409, 66, 1, 70, 142, 400, 49, 2018),
(1410, 66, 1, 70, 142, 401, 0, 2018),
(1411, 66, 1, 70, 142, 402, 6, 2018),
(1412, 66, 1, 70, 142, 403, 20, 2018),
(1413, 66, 1, 70, 142, 404, 438, 2018),
(1414, 66, 1, 71, 142, 398, 0, 2018),
(1415, 66, 1, 71, 142, 399, 0, 2018),
(1416, 66, 1, 71, 142, 400, 82, 2018),
(1417, 66, 1, 71, 142, 401, 0, 2018),
(1418, 66, 1, 71, 142, 402, 0, 2018),
(1419, 66, 1, 71, 142, 403, 1305, 2018),
(1420, 66, 1, 71, 142, 404, 1387, 2018),
(1421, 66, 1, 72, 142, 398, 1004, 2018),
(1422, 66, 1, 72, 142, 399, 966, 2018),
(1423, 66, 1, 72, 142, 400, 1348, 2018),
(1424, 66, 1, 72, 142, 401, 0, 2018),
(1425, 66, 1, 72, 142, 402, 0, 2018),
(1426, 66, 1, 72, 142, 403, 0, 2018),
(1427, 66, 1, 72, 142, 404, 3318, 2018),
(1428, 66, 1, 73, 142, 398, 0, 2018),
(1429, 66, 1, 73, 142, 399, 417, 2018),
(1430, 66, 1, 73, 142, 400, 47, 2018),
(1431, 66, 1, 73, 142, 401, 0, 2018),
(1432, 66, 1, 73, 142, 402, 0, 2018),
(1433, 66, 1, 73, 142, 403, 0, 2018),
(1434, 66, 1, 73, 142, 404, 464, 2018),
(1435, 66, 1, 74, 142, 398, 15, 2018),
(1436, 66, 1, 74, 142, 399, 187, 2018),
(1437, 66, 1, 74, 142, 400, 19, 2018),
(1438, 66, 1, 74, 142, 401, 0, 2018),
(1439, 66, 1, 74, 142, 402, 0, 2018),
(1440, 66, 1, 74, 142, 403, 0, 2018),
(1441, 66, 1, 74, 142, 404, 221, 2018),
(1442, 66, 1, 75, 142, 398, 1099, 2018),
(1443, 66, 1, 75, 142, 399, 2166, 2018),
(1444, 66, 1, 75, 142, 400, 1733, 2018),
(1445, 66, 1, 75, 142, 401, 0, 2018),
(1446, 66, 1, 75, 142, 402, 6, 2018),
(1447, 66, 1, 75, 142, 403, 1325, 2018),
(1448, 66, 1, 75, 142, 404, 6329, 2018),
(1449, 39, 1, 69, 74, 226, 139, 2018),
(1450, 39, 1, 69, 74, 227, 343, 2018),
(1451, 39, 1, 69, 74, 228, 259, 2018),
(1452, 39, 1, 69, 74, 229, 11, 2018),
(1453, 39, 1, 69, 74, 230, 10, 2018),
(1454, 39, 1, 70, 74, 226, 12, 2018),
(1455, 39, 1, 70, 74, 227, 814, 2018),
(1456, 39, 1, 70, 74, 228, 787, 2018),
(1457, 39, 1, 70, 74, 229, 3, 2018),
(1458, 39, 1, 70, 74, 230, 68, 2018),
(1459, 39, 1, 71, 74, 226, 19, 2018),
(1460, 39, 1, 71, 74, 227, 105, 2018),
(1461, 39, 1, 71, 74, 228, 134, 2018),
(1462, 39, 1, 71, 74, 229, 0, 2018),
(1463, 39, 1, 71, 74, 230, 3, 2018),
(1464, 39, 1, 72, 74, 226, 64, 2018),
(1465, 39, 1, 72, 74, 227, 496, 2018),
(1466, 39, 1, 72, 74, 228, 86, 2018),
(1467, 39, 1, 72, 74, 229, 3, 2018),
(1468, 39, 1, 72, 74, 230, 110, 2018),
(1469, 39, 1, 73, 74, 226, 0, 2018),
(1470, 39, 1, 73, 74, 227, 131, 2018),
(1471, 39, 1, 73, 74, 228, 12, 2018),
(1472, 39, 1, 73, 74, 229, 12, 2018),
(1473, 39, 1, 73, 74, 230, 13, 2018),
(1474, 39, 1, 74, 74, 226, 8, 2018),
(1475, 39, 1, 74, 74, 227, 212, 2018),
(1476, 39, 1, 74, 74, 228, 75, 2018),
(1477, 39, 1, 74, 74, 229, 12, 2018),
(1478, 39, 1, 74, 74, 230, 75, 2018),
(1479, 39, 1, 75, 74, 226, 242, 2018),
(1480, 39, 1, 75, 74, 227, 2101, 2018),
(1481, 39, 1, 75, 74, 228, 1353, 2018),
(1482, 39, 1, 75, 74, 229, 41, 2018),
(1483, 39, 1, 75, 74, 230, 279, 2018),
(1484, 67, 1, 69, 140, 392, 84028, 2018),
(1485, 67, 1, 69, 140, 393, 18228, 2018),
(1486, 67, 1, 69, 140, 394, 265253, 2018),
(1487, 67, 1, 69, 140, 395, 10532, 2018),
(1488, 67, 1, 70, 140, 392, 1955662, 2018),
(1489, 67, 1, 70, 140, 393, 35850, 2018),
(1490, 67, 1, 70, 140, 394, 848908, 2018),
(1491, 67, 1, 70, 140, 395, 162555, 2018),
(1492, 67, 1, 71, 140, 392, 138556, 2018),
(1493, 67, 1, 71, 140, 393, 1571, 2018),
(1494, 67, 1, 71, 140, 394, 8098, 2018),
(1495, 67, 1, 71, 140, 395, 20317, 2018),
(1496, 67, 1, 72, 140, 392, 1327903, 2018),
(1497, 67, 1, 72, 140, 393, 46760, 2018),
(1498, 67, 1, 72, 140, 394, 761838, 2018),
(1499, 67, 1, 72, 140, 395, 22912, 2018),
(1500, 67, 1, 73, 140, 392, 327185, 2018),
(1501, 67, 1, 73, 140, 393, 9810, 2018),
(1502, 67, 1, 73, 140, 394, 461538, 2018),
(1503, 67, 1, 73, 140, 395, 10218, 2018),
(1504, 67, 1, 74, 140, 392, 1098787, 2018),
(1505, 67, 1, 74, 140, 393, 21559, 2018),
(1506, 67, 1, 74, 140, 394, 38663, 2018),
(1507, 67, 1, 74, 140, 395, 19137, 2018),
(1508, 67, 1, 75, 140, 392, 4932122, 2018),
(1509, 67, 1, 75, 140, 393, 133777, 2018),
(1510, 67, 1, 75, 140, 394, 2384298, 2018),
(1511, 67, 1, 75, 140, 395, 245671, 2018),
(1512, 69, 1, 69, 143, 405, 171949, 2018),
(1513, 69, 1, 69, 143, 406, 0, 2018),
(1514, 69, 1, 69, 143, 407, 0, 2018),
(1515, 69, 1, 69, 143, 408, 29841, 2018),
(1516, 69, 1, 69, 143, 409, 0, 2018),
(1517, 69, 1, 69, 143, 410, 0, 2018),
(1518, 69, 1, 70, 143, 405, 440705, 2018),
(1519, 69, 1, 70, 143, 406, 2433, 2018),
(1520, 69, 1, 70, 143, 407, 0, 2018),
(1521, 69, 1, 70, 143, 408, 54613, 2018),
(1522, 69, 1, 70, 143, 409, 0, 2018),
(1523, 69, 1, 70, 143, 410, 32403, 2018),
(1524, 69, 1, 71, 143, 405, 118977, 2018),
(1525, 69, 1, 71, 143, 406, 148171, 2018),
(1526, 69, 1, 71, 143, 407, 0, 2018),
(1527, 69, 1, 71, 143, 408, 4339, 2018),
(1528, 69, 1, 71, 143, 409, 0, 2018),
(1529, 69, 1, 71, 143, 410, 556145, 2018),
(1530, 69, 1, 72, 143, 405, 721138, 2018),
(1531, 69, 1, 72, 143, 406, 0, 2018),
(1532, 69, 1, 72, 143, 407, 0, 2018),
(1533, 69, 1, 72, 143, 408, 89081, 2018),
(1534, 69, 1, 72, 143, 409, 0, 2018),
(1535, 69, 1, 72, 143, 410, 31829, 2018),
(1536, 69, 1, 73, 143, 405, 183119, 2018),
(1537, 69, 1, 73, 143, 406, 0, 2018),
(1538, 69, 1, 73, 143, 407, 0, 2018),
(1539, 69, 1, 73, 143, 408, 3011, 2018),
(1540, 69, 1, 73, 143, 409, 0, 2018),
(1541, 69, 1, 73, 143, 410, 21373, 2018),
(1542, 69, 1, 74, 143, 405, 630256, 2018),
(1543, 69, 1, 74, 143, 406, 0, 2018),
(1544, 69, 1, 74, 143, 407, 0, 2018),
(1545, 69, 1, 74, 143, 408, 31856, 2018),
(1546, 69, 1, 74, 143, 409, 0, 2018),
(1547, 69, 1, 74, 143, 410, 75149, 2018),
(1548, 69, 1, 75, 143, 405, 2266145, 2018),
(1549, 69, 1, 75, 143, 406, 150604, 2018),
(1550, 69, 1, 75, 143, 407, 0, 2018),
(1551, 69, 1, 75, 143, 408, 212741, 2018),
(1552, 69, 1, 75, 143, 409, 0, 2018),
(1553, 69, 1, 75, 143, 410, 716899, 2018),
(1554, 73, 1, 69, 147, 416, 0, 2018),
(1555, 73, 1, 69, 147, 417, 9000, 2018),
(1556, 73, 1, 69, 147, 418, 0, 2018),
(1557, 73, 1, 69, 147, 419, 995, 2018),
(1558, 73, 1, 69, 147, 420, 13171, 2018),
(1559, 73, 1, 69, 147, 421, 0, 2018),
(1560, 73, 1, 69, 147, 422, 0, 2018),
(1561, 73, 1, 69, 147, 423, 0, 2018),
(1562, 73, 1, 69, 147, 424, 36, 2018),
(1563, 73, 1, 69, 147, 425, 18, 2018),
(1564, 73, 1, 69, 147, 426, 117, 2018),
(1565, 73, 1, 70, 147, 416, 0, 2018),
(1566, 73, 1, 70, 147, 417, 23142, 2018),
(1567, 73, 1, 70, 147, 418, 0, 2018),
(1568, 73, 1, 70, 147, 419, 2217, 2018),
(1569, 73, 1, 70, 147, 420, 48930, 2018),
(1570, 73, 1, 70, 147, 421, 0, 2018),
(1571, 73, 1, 70, 147, 422, 0, 2018),
(1572, 73, 1, 70, 147, 423, 0, 2018),
(1573, 73, 1, 70, 147, 424, 268, 2018),
(1574, 73, 1, 70, 147, 425, 413, 2018),
(1575, 73, 1, 70, 147, 426, 876, 2018),
(1576, 73, 1, 71, 147, 416, 0, 2018),
(1577, 73, 1, 71, 147, 417, 26, 2018),
(1578, 73, 1, 71, 147, 418, 0, 2018),
(1579, 73, 1, 71, 147, 419, 11572, 2018),
(1580, 73, 1, 71, 147, 420, 15386, 2018),
(1581, 73, 1, 71, 147, 421, 0, 2018),
(1582, 73, 1, 71, 147, 422, 0, 2018),
(1583, 73, 1, 71, 147, 423, 0, 2018),
(1584, 73, 1, 71, 147, 424, 141, 2018),
(1585, 73, 1, 71, 147, 425, 23, 2018),
(1586, 73, 1, 71, 147, 426, 215, 2018),
(1587, 73, 1, 72, 147, 416, 10643, 2018),
(1588, 73, 1, 72, 147, 417, 4587, 2018),
(1589, 73, 1, 72, 147, 418, 0, 2018),
(1590, 73, 1, 72, 147, 419, 685, 2018),
(1591, 73, 1, 72, 147, 420, 39832, 2018),
(1592, 73, 1, 72, 147, 421, 0, 2018),
(1593, 73, 1, 72, 147, 422, 0, 2018),
(1594, 73, 1, 72, 147, 423, 0, 2018),
(1595, 73, 1, 72, 147, 424, 728, 2018),
(1596, 73, 1, 72, 147, 425, 331, 2018),
(1597, 73, 1, 72, 147, 426, 111, 2018),
(1598, 73, 1, 73, 147, 416, 100084, 2018),
(1599, 73, 1, 73, 147, 417, 4752, 2018),
(1600, 73, 1, 73, 147, 418, 0, 2018),
(1601, 73, 1, 73, 147, 419, 9, 2018),
(1602, 73, 1, 73, 147, 420, 12802, 2018),
(1603, 73, 1, 73, 147, 421, 0, 2018),
(1604, 73, 1, 73, 147, 422, 0, 2018),
(1605, 73, 1, 73, 147, 423, 0, 2018),
(1606, 73, 1, 73, 147, 424, 31, 2018),
(1607, 73, 1, 73, 147, 425, 246, 2018),
(1608, 73, 1, 73, 147, 426, 58, 2018),
(1609, 73, 1, 74, 147, 416, 41998, 2018),
(1610, 73, 1, 74, 147, 417, 1440, 2018),
(1611, 73, 1, 74, 147, 418, 0, 2018),
(1612, 73, 1, 74, 147, 419, 32, 2018),
(1613, 73, 1, 74, 147, 420, 14851, 2018),
(1614, 73, 1, 74, 147, 421, 0, 2018),
(1615, 73, 1, 74, 147, 422, 0, 2018),
(1616, 73, 1, 74, 147, 423, 0, 2018),
(1617, 73, 1, 74, 147, 424, 0, 2018),
(1618, 73, 1, 74, 147, 425, 28, 2018),
(1619, 73, 1, 74, 147, 426, 20, 2018),
(1620, 73, 1, 75, 147, 416, 152725, 2018),
(1621, 73, 1, 75, 147, 417, 42947, 2018),
(1622, 73, 1, 75, 147, 418, 0, 2018),
(1623, 73, 1, 75, 147, 419, 15510, 2018),
(1624, 73, 1, 75, 147, 420, 144972, 2018),
(1625, 73, 1, 75, 147, 421, 0, 2018),
(1626, 73, 1, 75, 147, 422, 0, 2018),
(1627, 73, 1, 75, 147, 423, 0, 2018),
(1628, 73, 1, 75, 147, 424, 1230, 2018),
(1629, 73, 1, 75, 147, 425, 1059, 2018),
(1630, 73, 1, 75, 147, 426, 1397, 2018),
(1631, 70, 1, 69, 140, 392, 77948, 2018),
(1632, 70, 1, 69, 140, 393, 24881, 2018),
(1633, 70, 1, 69, 140, 394, 292467, 2018),
(1634, 70, 1, 69, 140, 395, 16659, 2018),
(1635, 70, 1, 70, 140, 392, 1814158, 2018),
(1636, 70, 1, 70, 140, 393, 48935, 2018),
(1637, 70, 1, 70, 140, 394, 936003, 2018),
(1638, 70, 1, 70, 140, 395, 257998, 2018),
(1639, 70, 1, 71, 140, 392, 128531, 2018),
(1640, 70, 1, 71, 140, 393, 2144, 2018),
(1641, 70, 1, 71, 140, 394, 8929, 2018),
(1642, 70, 1, 71, 140, 395, 32346, 2018),
(1643, 70, 1, 72, 140, 392, 1231821, 2018),
(1644, 70, 1, 72, 140, 393, 63828, 2018),
(1645, 70, 1, 72, 140, 394, 840000, 2018),
(1646, 70, 1, 72, 140, 395, 36454, 2018),
(1647, 70, 1, 73, 140, 392, 303511, 2018),
(1648, 70, 1, 73, 140, 393, 13390, 2018),
(1649, 70, 1, 73, 140, 394, 508890, 2018),
(1650, 70, 1, 73, 140, 395, 16159, 2018),
(1651, 70, 1, 74, 140, 392, 1019283, 2018),
(1652, 70, 1, 74, 140, 393, 29428, 2018),
(1653, 70, 1, 74, 140, 394, 42630, 2018),
(1654, 70, 1, 74, 140, 395, 30409, 2018),
(1655, 70, 1, 75, 140, 392, 4575252, 2018),
(1656, 70, 1, 75, 140, 393, 182606, 2018),
(1657, 70, 1, 75, 140, 394, 2628919, 2018),
(1658, 70, 1, 75, 140, 395, 390025, 2018),
(1659, 74, 1, 69, 146, 414, 54, 2018),
(1660, 74, 1, 69, 146, 415, 0, 2018),
(1661, 74, 1, 69, 148, 427, 90, 2018),
(1662, 74, 1, 69, 148, 428, 0, 2018),
(1663, 74, 1, 70, 146, 414, 30, 2018),
(1664, 74, 1, 70, 146, 415, 2, 2018),
(1665, 74, 1, 70, 148, 427, 62, 2018),
(1666, 74, 1, 70, 148, 428, 7, 2018),
(1667, 74, 1, 71, 146, 414, 419, 2018),
(1668, 74, 1, 71, 146, 415, 18, 2018),
(1669, 74, 1, 71, 148, 427, 701, 2018),
(1670, 74, 1, 71, 148, 428, 39, 2018),
(1671, 74, 1, 72, 146, 414, 38, 2018),
(1672, 74, 1, 72, 146, 415, 1, 2018),
(1673, 74, 1, 72, 148, 427, 75, 2018),
(1674, 74, 1, 72, 148, 428, 1, 2018),
(1675, 74, 1, 73, 146, 414, 91, 2018),
(1676, 74, 1, 73, 146, 415, 113, 2018),
(1677, 74, 1, 73, 148, 427, 233, 2018),
(1678, 74, 1, 73, 148, 428, 8, 2018),
(1679, 74, 1, 74, 146, 414, 6, 2018),
(1680, 74, 1, 74, 146, 415, 0, 2018),
(1681, 74, 1, 74, 148, 427, 10, 2018),
(1682, 74, 1, 74, 148, 428, 0, 2018),
(1683, 74, 1, 75, 146, 414, 638, 2018),
(1684, 74, 1, 75, 146, 415, 134, 2018),
(1685, 74, 1, 75, 148, 427, 1171, 2018),
(1686, 74, 1, 75, 148, 428, 55, 2018),
(1687, 76, 1, 69, 108, 280, 80.7, 2018),
(1688, 76, 1, 69, 108, 281, 82.2, 2018),
(1689, 76, 1, 69, 108, 282, 81.1, 2018),
(1690, 76, 1, 69, 108, 283, 82.4, 2018),
(1691, 76, 1, 69, 109, 284, 81.7, 2018),
(1692, 76, 1, 69, 109, 285, 81.7, 2018),
(1693, 76, 1, 69, 109, 286, 80.8, 2018),
(1694, 76, 1, 69, 110, 287, 80.8, 2018),
(1695, 76, 1, 69, 111, 288, 116, 2018),
(1696, 76, 1, 70, 108, 280, 90.1, 2018),
(1697, 76, 1, 70, 108, 281, 92.4, 2018),
(1698, 76, 1, 70, 108, 282, 89.5, 2018),
(1699, 76, 1, 70, 108, 283, 88.4, 2018),
(1700, 76, 1, 70, 109, 284, 83.9, 2018),
(1701, 76, 1, 70, 109, 285, 80.3, 2018),
(1702, 76, 1, 70, 109, 286, 77.9, 2018),
(1703, 76, 1, 70, 110, 287, 88.6, 2018),
(1704, 76, 1, 70, 111, 288, 91.5, 2018),
(1705, 76, 1, 71, 108, 280, 77.5, 2018),
(1706, 76, 1, 71, 108, 281, 80.7, 2018),
(1707, 76, 1, 71, 108, 282, 82.2, 2018),
(1708, 76, 1, 71, 108, 283, 82.6, 2018),
(1709, 76, 1, 71, 109, 284, 77.1, 2018),
(1710, 76, 1, 71, 109, 285, 82.9, 2018),
(1711, 76, 1, 71, 109, 286, 83.3, 2018),
(1712, 76, 1, 71, 110, 287, 76.3, 2018),
(1713, 76, 1, 71, 111, 288, 78.9, 2018),
(1714, 76, 1, 72, 108, 280, 97.8, 2018),
(1715, 76, 1, 72, 108, 281, 99.7, 2018),
(1716, 76, 1, 72, 108, 282, 95.9, 2018),
(1717, 76, 1, 72, 108, 283, 93, 2018),
(1718, 76, 1, 72, 109, 284, 100.3, 2018),
(1719, 76, 1, 72, 109, 285, 95.8, 2018),
(1720, 76, 1, 72, 109, 286, 92.5, 2018),
(1721, 76, 1, 72, 110, 287, 97.4, 2018),
(1722, 76, 1, 72, 111, 288, 96.1, 2018),
(1723, 76, 1, 73, 108, 280, 64.4, 2018),
(1724, 76, 1, 73, 108, 281, 65.9, 2018),
(1725, 76, 1, 73, 108, 282, 63.5, 2018),
(1726, 76, 1, 73, 108, 283, 61.4, 2018),
(1727, 76, 1, 73, 109, 284, 63.7, 2018),
(1728, 76, 1, 73, 109, 285, 60.7, 2018),
(1729, 76, 1, 73, 109, 286, 56.6, 2018),
(1730, 76, 1, 73, 110, 287, 63.7, 2018),
(1731, 76, 1, 73, 111, 288, 62.6, 2018),
(1732, 76, 1, 74, 108, 280, 91.6, 2018),
(1733, 76, 1, 74, 108, 281, 93.3, 2018),
(1734, 76, 1, 74, 108, 282, 91.3, 2018),
(1735, 76, 1, 74, 108, 283, 90.4, 2018),
(1736, 76, 1, 74, 109, 284, 93.8, 2018),
(1737, 76, 1, 74, 109, 285, 92, 2018),
(1738, 76, 1, 74, 109, 286, 92.2, 2018),
(1739, 76, 1, 74, 110, 287, 91.9, 2018),
(1740, 76, 1, 74, 111, 288, 98.4, 2018),
(1741, 76, 1, 75, 108, 280, 85.5, 2018),
(1742, 76, 1, 75, 108, 281, 87.6, 2018),
(1743, 76, 1, 75, 108, 282, 85.5, 2018),
(1744, 76, 1, 75, 108, 283, 84.5, 2018),
(1745, 76, 1, 75, 109, 284, 84.3, 2018),
(1746, 76, 1, 75, 109, 285, 82.4, 2018),
(1747, 76, 1, 75, 109, 286, 80.4, 2018),
(1748, 76, 1, 75, 110, 287, 84.8, 2018),
(1749, 76, 1, 75, 111, 288, 91.5, 2018),
(1750, 41, 1, 69, 80, 236, 14, 2018),
(1751, 41, 1, 69, 80, 237, 82, 2018),
(1752, 41, 1, 70, 80, 236, 28, 2018),
(1753, 41, 1, 70, 80, 237, 167, 2018),
(1754, 41, 1, 71, 80, 236, 19, 2018),
(1755, 41, 1, 71, 80, 237, 181, 2018),
(1756, 41, 1, 72, 80, 236, 31, 2018),
(1757, 41, 1, 72, 80, 237, 99, 2018),
(1758, 41, 1, 73, 80, 236, 30, 2018),
(1759, 41, 1, 73, 80, 237, 63, 2018),
(1760, 41, 1, 74, 80, 236, 12, 2018),
(1761, 41, 1, 74, 80, 237, 56, 2018),
(1762, 41, 1, 75, 80, 236, 134, 2018),
(1763, 41, 1, 75, 80, 237, 648, 2018),
(1764, 78, 1, 69, 149, 429, 190, 2018),
(1765, 78, 1, 69, 149, 430, 69222, 2018),
(1766, 78, 1, 69, 149, 431, 0, 2018),
(1767, 78, 1, 69, 149, 432, 0, 2018),
(1768, 78, 1, 70, 149, 429, 527, 2018),
(1769, 78, 1, 70, 149, 430, 93954, 2018),
(1770, 78, 1, 70, 149, 431, 0, 2018),
(1771, 78, 1, 70, 149, 432, 2542, 2018),
(1772, 78, 1, 71, 149, 429, 649, 2018),
(1773, 78, 1, 71, 149, 430, 1101, 2018),
(1774, 78, 1, 71, 149, 431, 0, 2018),
(1775, 78, 1, 71, 149, 432, 73792, 2018),
(1776, 78, 1, 72, 149, 429, 96, 2018),
(1777, 78, 1, 72, 149, 430, 14628, 2018),
(1778, 78, 1, 72, 149, 431, 0, 2018),
(1779, 78, 1, 72, 149, 432, 29427, 2018),
(1780, 78, 1, 73, 149, 429, 8, 2018),
(1781, 78, 1, 73, 149, 430, 7488, 2018),
(1782, 78, 1, 73, 149, 431, 0, 2018),
(1783, 78, 1, 73, 149, 432, 4691, 2018),
(1784, 78, 1, 74, 149, 429, 90, 2018),
(1785, 78, 1, 74, 149, 430, 7551, 2018),
(1786, 78, 1, 74, 149, 431, 0, 2018),
(1787, 78, 1, 74, 149, 432, 24479, 2018),
(1788, 78, 1, 75, 149, 429, 1560, 2018),
(1789, 78, 1, 75, 149, 430, 193944, 2018),
(1790, 78, 1, 75, 149, 431, 0, 2018),
(1791, 78, 1, 75, 149, 432, 134931, 2018),
(1792, 65, 1, 69, 138, 379, 25443, 2018),
(1793, 65, 1, 69, 139, 384, 1747, 2018),
(1794, 65, 1, 69, 139, 385, 664, 2018),
(1795, 65, 1, 69, 139, 386, 164, 2018),
(1796, 65, 1, 69, 139, 387, 253, 2018),
(1797, 65, 1, 69, 139, 388, 2448, 2018),
(1798, 65, 1, 69, 139, 389, 7717, 2018),
(1799, 65, 1, 69, 139, 390, 5227, 2018),
(1800, 65, 1, 69, 139, 391, 18220, 2018),
(1801, 65, 1, 70, 138, 379, 65988, 2018),
(1802, 65, 1, 70, 139, 384, 1028, 2018),
(1803, 65, 1, 70, 139, 385, 1038, 2018),
(1804, 65, 1, 70, 139, 386, 230, 2018),
(1805, 65, 1, 70, 139, 387, 899, 2018),
(1806, 65, 1, 70, 139, 388, 4097, 2018),
(1807, 65, 1, 70, 139, 389, 23044, 2018),
(1808, 65, 1, 70, 139, 390, 13637, 2018),
(1809, 65, 1, 70, 139, 391, 43973, 2018),
(1810, 65, 1, 71, 138, 379, 26219, 2018),
(1811, 65, 1, 71, 139, 384, 1447, 2018),
(1812, 65, 1, 71, 139, 385, 476, 2018),
(1813, 65, 1, 71, 139, 386, 12, 2018),
(1814, 65, 1, 71, 139, 387, 236, 2018),
(1815, 65, 1, 71, 139, 388, 3945, 2018),
(1816, 65, 1, 71, 139, 389, 6459, 2018),
(1817, 65, 1, 71, 139, 390, 8661, 2018),
(1818, 65, 1, 71, 139, 391, 21236, 2018),
(1819, 65, 1, 72, 138, 379, 38915, 2018),
(1820, 65, 1, 72, 139, 384, 558, 2018),
(1821, 65, 1, 72, 139, 385, 607, 2018),
(1822, 65, 1, 72, 139, 386, 162, 2018),
(1823, 65, 1, 72, 139, 387, 284, 2018),
(1824, 65, 1, 72, 139, 388, 2673, 2018),
(1825, 65, 1, 72, 139, 389, 12440, 2018),
(1826, 65, 1, 72, 139, 390, 9768, 2018),
(1827, 65, 1, 72, 139, 391, 26492, 2018),
(1828, 65, 1, 73, 138, 379, 25824, 2018),
(1829, 65, 1, 73, 139, 384, 707, 2018),
(1830, 65, 1, 73, 139, 385, 334, 2018),
(1831, 65, 1, 73, 139, 386, 78, 2018),
(1832, 65, 1, 73, 139, 387, 534, 2018),
(1833, 65, 1, 73, 139, 388, 5047, 2018),
(1834, 65, 1, 73, 139, 389, 8054, 2018),
(1835, 65, 1, 73, 139, 390, 4921, 2018),
(1836, 65, 1, 73, 139, 391, 19675, 2018),
(1837, 65, 1, 74, 138, 379, 21288, 2018),
(1838, 65, 1, 74, 139, 384, 249, 2018),
(1839, 65, 1, 74, 139, 385, 187, 2018),
(1840, 65, 1, 74, 139, 386, 86, 2018),
(1841, 65, 1, 74, 139, 387, 230, 2018),
(1842, 65, 1, 74, 139, 388, 2408, 2018),
(1843, 65, 1, 74, 139, 389, 7553, 2018),
(1844, 65, 1, 74, 139, 390, 4133, 2018),
(1845, 65, 1, 74, 139, 391, 14846, 2018),
(1846, 65, 1, 75, 138, 379, 203677, 2018),
(1847, 65, 1, 75, 139, 384, 5736, 2018),
(1848, 65, 1, 75, 139, 385, 3306, 2018),
(1849, 65, 1, 75, 139, 386, 732, 2018),
(1850, 65, 1, 75, 139, 387, 2436, 2018),
(1851, 65, 1, 75, 139, 388, 20618, 2018),
(1852, 65, 1, 75, 139, 389, 65267, 2018),
(1853, 65, 1, 75, 139, 390, 46347, 2018),
(1854, 65, 1, 75, 139, 391, 144442, 2018),
(1855, 77, 1, 69, 147, 416, 0, 2018),
(1856, 77, 1, 69, 147, 417, 8693, 2018),
(1857, 77, 1, 69, 147, 418, 0, 2018),
(1858, 77, 1, 69, 147, 419, 216, 2018),
(1859, 77, 1, 69, 147, 420, 8128, 2018),
(1860, 77, 1, 69, 147, 421, 0, 2018),
(1861, 77, 1, 69, 147, 422, 0, 2018),
(1862, 77, 1, 69, 147, 423, 0, 2018),
(1863, 77, 1, 69, 147, 424, 35, 2018),
(1864, 77, 1, 69, 147, 425, 5, 2018),
(1865, 77, 1, 69, 147, 426, 15, 2018),
(1866, 77, 1, 70, 147, 416, 0, 2018),
(1867, 77, 1, 70, 147, 417, 19205, 2018),
(1868, 77, 1, 70, 147, 418, 0, 2018),
(1869, 77, 1, 70, 147, 419, 812, 2018),
(1870, 77, 1, 70, 147, 420, 33259, 2018),
(1871, 77, 1, 70, 147, 421, 0, 2018),
(1872, 77, 1, 70, 147, 422, 0, 2018),
(1873, 77, 1, 70, 147, 423, 0, 2018),
(1874, 77, 1, 70, 147, 424, 199, 2018),
(1875, 77, 1, 70, 147, 425, 215, 2018),
(1876, 77, 1, 70, 147, 426, 404, 2018),
(1877, 77, 1, 71, 147, 416, 0, 2018),
(1878, 77, 1, 71, 147, 417, 9, 2018),
(1879, 77, 1, 71, 147, 418, 0, 2018),
(1880, 77, 1, 71, 147, 419, 2018, 2018),
(1881, 77, 1, 71, 147, 420, 7743, 2018),
(1882, 77, 1, 71, 147, 421, 0, 2018),
(1883, 77, 1, 71, 147, 422, 0, 2018),
(1884, 77, 1, 71, 147, 423, 0, 2018),
(1885, 77, 1, 71, 147, 424, 39, 2018),
(1886, 77, 1, 71, 147, 425, 1, 2018),
(1887, 77, 1, 71, 147, 426, 32, 2018),
(1888, 77, 1, 72, 147, 416, 12822, 2018),
(1889, 77, 1, 72, 147, 417, 3503, 2018),
(1890, 77, 1, 72, 147, 418, 0, 2018),
(1891, 77, 1, 72, 147, 419, 136, 2018),
(1892, 77, 1, 72, 147, 420, 10452, 2018),
(1893, 77, 1, 72, 147, 421, 0, 2018),
(1894, 77, 1, 72, 147, 422, 0, 2018),
(1895, 77, 1, 72, 147, 423, 0, 2018),
(1896, 77, 1, 72, 147, 424, 322, 2018),
(1897, 77, 1, 72, 147, 425, 26, 2018),
(1898, 77, 1, 72, 147, 426, 19, 2018),
(1899, 77, 1, 73, 147, 416, 142976, 2018),
(1900, 77, 1, 73, 147, 417, 4343, 2018),
(1901, 77, 1, 73, 147, 418, 0, 2018),
(1902, 77, 1, 73, 147, 419, 3, 2018),
(1903, 77, 1, 73, 147, 420, 5637, 2018),
(1904, 77, 1, 73, 147, 421, 0, 2018),
(1905, 77, 1, 73, 147, 422, 0, 2018),
(1906, 77, 1, 73, 147, 423, 0, 2018),
(1907, 77, 1, 73, 147, 424, 7, 2018),
(1908, 77, 1, 73, 147, 425, 6, 2018),
(1909, 77, 1, 73, 147, 426, 122, 2018),
(1910, 77, 1, 74, 147, 416, 106003, 2018),
(1911, 77, 1, 74, 147, 417, 891, 2018),
(1912, 77, 1, 74, 147, 418, 0, 2018),
(1913, 77, 1, 74, 147, 419, 14, 2018),
(1914, 77, 1, 74, 147, 420, 6568, 2018),
(1915, 77, 1, 74, 147, 421, 0, 2018),
(1916, 77, 1, 74, 147, 422, 0, 2018),
(1917, 77, 1, 74, 147, 423, 0, 2018),
(1918, 77, 1, 74, 147, 424, 0, 2018),
(1919, 77, 1, 74, 147, 425, 8, 2018),
(1920, 77, 1, 74, 147, 426, 17, 2018),
(1921, 77, 1, 75, 147, 416, 261801, 2018),
(1922, 77, 1, 75, 147, 417, 36644, 2018),
(1923, 77, 1, 75, 147, 418, 0, 2018),
(1924, 77, 1, 75, 147, 419, 3199, 2018),
(1925, 77, 1, 75, 147, 420, 71787, 2018),
(1926, 77, 1, 75, 147, 421, 0, 2018),
(1927, 77, 1, 75, 147, 422, 0, 2018),
(1928, 77, 1, 75, 147, 423, 0, 2018),
(1929, 77, 1, 75, 147, 424, 602, 2018),
(1930, 77, 1, 75, 147, 425, 261, 2018),
(1931, 77, 1, 75, 147, 426, 609, 2018),
(1932, 72, 1, 69, 144, 411, 0, 2018),
(1933, 72, 1, 69, 144, 412, 17753, 2018),
(1934, 72, 1, 69, 145, 413, 209, 2018),
(1935, 72, 1, 70, 144, 411, 0, 2018),
(1936, 72, 1, 70, 144, 412, 34201, 2018),
(1937, 72, 1, 70, 145, 413, 722, 2018),
(1938, 72, 1, 71, 144, 411, 0, 2018),
(1939, 72, 1, 71, 144, 412, 5849, 2018),
(1940, 72, 1, 71, 145, 413, 8081, 2018),
(1941, 72, 1, 72, 144, 411, 0, 2018),
(1942, 72, 1, 72, 144, 412, 18407, 2018),
(1943, 72, 1, 72, 145, 413, 969, 2018),
(1944, 72, 1, 73, 144, 411, 0, 2018),
(1945, 72, 1, 73, 144, 412, 10054, 2018),
(1946, 72, 1, 73, 145, 413, 16, 2018),
(1947, 72, 1, 74, 144, 411, 0, 2018),
(1948, 72, 1, 74, 144, 412, 9023, 2018),
(1949, 72, 1, 74, 145, 413, 170, 2018),
(1950, 72, 1, 75, 144, 411, 0, 2018),
(1951, 72, 1, 75, 144, 412, 95287, 2018),
(1952, 72, 1, 75, 145, 413, 10167, 2018),
(1953, 79, 1, 69, 147, 416, 0, 2018),
(1954, 79, 1, 69, 147, 417, 7246, 2018),
(1955, 79, 1, 69, 147, 418, 0, 2018),
(1956, 79, 1, 69, 147, 419, 413, 2018),
(1957, 79, 1, 69, 147, 420, 8984, 2018),
(1958, 79, 1, 69, 147, 421, 0, 2018),
(1959, 79, 1, 69, 147, 422, 0, 2018),
(1960, 79, 1, 69, 147, 423, 0, 2018),
(1961, 79, 1, 69, 147, 424, 25, 2018),
(1962, 79, 1, 69, 147, 425, 8, 2018),
(1963, 79, 1, 69, 147, 426, 66, 2018),
(1964, 79, 1, 70, 147, 416, 0, 2018),
(1965, 79, 1, 70, 147, 417, 14269, 2018),
(1966, 79, 1, 70, 147, 418, 0, 2018),
(1967, 79, 1, 70, 147, 419, 1030, 2018),
(1968, 79, 1, 70, 147, 420, 36974, 2018),
(1969, 79, 1, 70, 147, 421, 0, 2018),
(1970, 79, 1, 70, 147, 422, 0, 2018),
(1971, 79, 1, 70, 147, 423, 0, 2018),
(1972, 79, 1, 70, 147, 424, 184, 2018),
(1973, 79, 1, 70, 147, 425, 313, 2018),
(1974, 79, 1, 70, 147, 426, 490, 2018),
(1975, 79, 1, 71, 147, 416, 0, 2018),
(1976, 79, 1, 71, 147, 417, 17, 2018),
(1977, 79, 1, 71, 147, 418, 0, 2018),
(1978, 79, 1, 71, 147, 419, 3072, 2018),
(1979, 79, 1, 71, 147, 420, 11033, 2018),
(1980, 79, 1, 71, 147, 421, 0, 2018),
(1981, 79, 1, 71, 147, 422, 0, 2018),
(1982, 79, 1, 71, 147, 423, 0, 2018),
(1983, 79, 1, 71, 147, 424, 67, 2018),
(1984, 79, 1, 71, 147, 425, 2, 2018),
(1985, 79, 1, 71, 147, 426, 106, 2018),
(1986, 79, 1, 72, 147, 416, 5724, 2018),
(1987, 79, 1, 72, 147, 417, 3067, 2018),
(1988, 79, 1, 72, 147, 418, 0, 2018),
(1989, 79, 1, 72, 147, 419, 262, 2018),
(1990, 79, 1, 72, 147, 420, 15906, 2018),
(1991, 79, 1, 72, 147, 421, 0, 2018),
(1992, 79, 1, 72, 147, 422, 0, 2018),
(1993, 79, 1, 72, 147, 423, 0, 2018),
(1994, 79, 1, 72, 147, 424, 451, 2018),
(1995, 79, 1, 72, 147, 425, 66, 2018),
(1996, 79, 1, 72, 147, 426, 60, 2018),
(1997, 79, 1, 73, 147, 416, 43925, 2018),
(1998, 79, 1, 73, 147, 417, 4501, 2018),
(1999, 79, 1, 73, 147, 418, 0, 2018),
(2000, 79, 1, 73, 147, 419, 3, 2018),
(2001, 79, 1, 73, 147, 420, 7732, 2018),
(2002, 79, 1, 73, 147, 421, 0, 2018),
(2003, 79, 1, 73, 147, 422, 0, 2018),
(2004, 79, 1, 73, 147, 423, 0, 2018),
(2005, 79, 1, 73, 147, 424, 6, 2018),
(2006, 79, 1, 73, 147, 425, 60, 2018),
(2007, 79, 1, 73, 147, 426, 40, 2018),
(2008, 79, 1, 74, 147, 416, 30894, 2018),
(2009, 79, 1, 74, 147, 417, 995, 2018),
(2010, 79, 1, 74, 147, 418, 0, 2018),
(2011, 79, 1, 74, 147, 419, 23, 2018),
(2012, 79, 1, 74, 147, 420, 9399, 2018),
(2013, 79, 1, 74, 147, 421, 0, 2018),
(2014, 79, 1, 74, 147, 422, 0, 2018),
(2015, 79, 1, 74, 147, 423, 0, 2018),
(2016, 79, 1, 74, 147, 424, 0, 2018),
(2017, 79, 1, 74, 147, 425, 14, 2018),
(2018, 79, 1, 74, 147, 426, 19, 2018),
(2019, 79, 1, 75, 147, 416, 80543, 2018),
(2020, 79, 1, 75, 147, 417, 33095, 2018),
(2021, 79, 1, 75, 147, 418, 0, 2018),
(2022, 79, 1, 75, 147, 419, 4803, 2018),
(2023, 79, 1, 75, 147, 420, 90028, 2018),
(2024, 79, 1, 75, 147, 421, 0, 2018),
(2025, 79, 1, 75, 147, 422, 0, 2018),
(2026, 79, 1, 75, 147, 423, 0, 2018),
(2027, 79, 1, 75, 147, 424, 733, 2018),
(2028, 79, 1, 75, 147, 425, 463, 2018),
(2029, 79, 1, 75, 147, 426, 781, 2018),
(2030, 80, 1, 69, 147, 416, 0, 2018),
(2031, 80, 1, 69, 147, 417, 1.2, 2018),
(2032, 80, 1, 69, 147, 418, 0, 2018),
(2033, 80, 1, 69, 147, 419, 0.52, 2018),
(2034, 80, 1, 69, 147, 420, 0.9, 2018),
(2035, 80, 1, 69, 147, 421, 0, 2018),
(2036, 80, 1, 69, 147, 422, 0, 2018),
(2037, 80, 1, 69, 147, 423, 0, 2018),
(2038, 80, 1, 69, 147, 424, 1.4, 2018),
(2039, 80, 1, 69, 147, 425, 0.63, 2018),
(2040, 80, 1, 69, 147, 426, 0.23, 2018),
(2041, 80, 1, 70, 147, 416, 0, 2018),
(2042, 80, 1, 70, 147, 417, 1.11, 2018),
(2043, 80, 1, 70, 147, 418, 0, 2018),
(2044, 80, 1, 70, 147, 419, 0.79, 2018),
(2045, 80, 1, 70, 147, 420, 0.9, 2018),
(2046, 80, 1, 70, 147, 421, 0, 2018),
(2047, 80, 1, 70, 147, 422, 0, 2018),
(2048, 80, 1, 70, 147, 423, 0, 2018),
(2049, 80, 1, 70, 147, 424, 1.08, 2018),
(2050, 80, 1, 70, 147, 425, 0.69, 2018),
(2051, 80, 1, 70, 147, 426, 0.82, 2018),
(2052, 80, 1, 71, 147, 416, 0, 2018),
(2053, 80, 1, 71, 147, 417, 0.53, 2018),
(2054, 80, 1, 71, 147, 418, 0, 2018),
(2055, 80, 1, 71, 147, 419, 0.66, 2018),
(2056, 80, 1, 71, 147, 420, 0.7, 2018),
(2057, 80, 1, 71, 147, 421, 0, 2018),
(2058, 80, 1, 71, 147, 422, 0, 2018),
(2059, 80, 1, 71, 147, 423, 0, 2018),
(2060, 80, 1, 71, 147, 424, 0.58, 2018),
(2061, 80, 1, 71, 147, 425, 0.5, 2018),
(2062, 80, 1, 71, 147, 426, 0.3, 2018),
(2063, 80, 1, 72, 147, 416, 2.24, 2018),
(2064, 80, 1, 72, 147, 417, 1.14, 2018),
(2065, 80, 1, 72, 147, 418, 0, 2018),
(2066, 80, 1, 72, 147, 419, 0.52, 2018),
(2067, 80, 1, 72, 147, 420, 0.66, 2018),
(2068, 80, 1, 72, 147, 421, 0, 2018),
(2069, 80, 1, 72, 147, 422, 0, 2018),
(2070, 80, 1, 72, 147, 423, 0, 2018),
(2071, 80, 1, 72, 147, 424, 0.71, 2018),
(2072, 80, 1, 72, 147, 425, 0.39, 2018),
(2073, 80, 1, 72, 147, 426, 0.32, 2018),
(2074, 80, 1, 73, 147, 416, 3.26, 2018),
(2075, 80, 1, 73, 147, 417, 0.96, 2018),
(2076, 80, 1, 73, 147, 418, 0, 2018),
(2077, 80, 1, 73, 147, 419, 1, 2018),
(2078, 80, 1, 73, 147, 420, 0.73, 2018),
(2079, 80, 1, 73, 147, 421, 0, 2018),
(2080, 80, 1, 73, 147, 422, 0, 2018),
(2081, 80, 1, 73, 147, 423, 0, 2018),
(2082, 80, 1, 73, 147, 424, 1.17, 2018),
(2083, 80, 1, 73, 147, 425, 0.1, 2018),
(2084, 80, 1, 73, 147, 426, 3.05, 2018),
(2085, 80, 1, 74, 147, 416, 3.43, 2018),
(2086, 80, 1, 74, 147, 417, 0.9, 2018),
(2087, 80, 1, 74, 147, 418, 0, 2018),
(2088, 80, 1, 74, 147, 419, 0.61, 2018),
(2089, 80, 1, 74, 147, 420, 0.7, 2018),
(2090, 80, 1, 74, 147, 421, 0, 2018),
(2091, 80, 1, 74, 147, 422, 0, 2018),
(2092, 80, 1, 74, 147, 423, 0, 2018),
(2093, 80, 1, 74, 147, 424, 0, 2018),
(2094, 80, 1, 74, 147, 425, 0.57, 2018),
(2095, 80, 1, 74, 147, 426, 0.89, 2018),
(2096, 80, 1, 75, 147, 416, 3.25, 2018),
(2097, 80, 1, 75, 147, 417, 1.11, 2018),
(2098, 80, 1, 75, 147, 418, 0, 2018),
(2099, 80, 1, 75, 147, 419, 0.67, 2018),
(2100, 80, 1, 75, 147, 420, 0.8, 2018),
(2101, 80, 1, 75, 147, 421, 0, 2018),
(2102, 80, 1, 75, 147, 422, 0, 2018),
(2103, 80, 1, 75, 147, 423, 0, 2018),
(2104, 80, 1, 75, 147, 424, 0.82, 2018),
(2105, 80, 1, 75, 147, 425, 0.56, 2018),
(2106, 80, 1, 75, 147, 426, 0.78, 2018),
(2191, 85, 29, 115, 150, 433, 33, 2018),
(2192, 85, 29, 115, 150, 434, 0, 2018),
(2193, 85, 29, 115, 150, 435, 0, 2018),
(2194, 89, 47, 204, 162, 439, 50, 2019),
(2195, 89, 47, 205, 162, 439, 3, 2019),
(2196, 89, 47, 206, 162, 439, 5, 2019),
(2197, 89, 47, 207, 162, 439, 10, 2019),
(2198, 89, 47, 208, 162, 439, 13, 2019),
(2199, 89, 47, 209, 162, 439, 6, 2019),
(2200, 89, 47, 210, 162, 439, 1, 2019),
(2201, 85, 29, 115, 150, 433, 33, 2019),
(2202, 85, 29, 115, 150, 434, 0, 2019),
(2203, 85, 29, 115, 150, 435, 0, 2019),
(2204, 85, 29, 115, 150, 433, 30, 2017),
(2205, 85, 29, 115, 150, 434, 0, 2017),
(2206, 85, 29, 115, 150, 435, 0, 2017),
(2207, 3, 26, 82, 1, 1, 991, 2019),
(2208, 3, 26, 82, 1, 2, 1096, 2019),
(2209, 3, 26, 82, 1, 3, 2087, 2019),
(2210, 3, 26, 83, 1, 1, 1450, 2019),
(2211, 3, 26, 83, 1, 2, 1193, 2019),
(2212, 3, 26, 83, 1, 3, 2643, 2019),
(2213, 3, 26, 84, 1, 1, 0, 2019),
(2214, 3, 26, 84, 1, 2, 0, 2019),
(2215, 3, 26, 84, 1, 3, 0, 2019),
(2216, 3, 26, 85, 1, 1, 359, 2019),
(2217, 3, 26, 85, 1, 2, 248, 2019),
(2218, 3, 26, 85, 1, 3, 607, 2019),
(2219, 3, 26, 86, 1, 1, 152, 2019),
(2220, 3, 26, 86, 1, 2, 39, 2019),
(2221, 3, 26, 86, 1, 3, 191, 2019),
(2222, 3, 26, 87, 1, 1, 35, 2019),
(2223, 3, 26, 87, 1, 2, 4, 2019),
(2224, 3, 26, 87, 1, 3, 39, 2019),
(2225, 3, 26, 88, 1, 1, 1, 2019),
(2226, 3, 26, 88, 1, 2, 0, 2019),
(2227, 3, 26, 88, 1, 3, 1, 2019),
(2228, 3, 26, 89, 1, 1, 2988, 2019),
(2229, 3, 26, 89, 1, 2, 2580, 2019),
(2230, 3, 26, 89, 1, 3, 5568, 2019),
(2231, 61, 1, 69, 132, 354, 2, 2015),
(2232, 61, 1, 69, 132, 355, 2, 2015),
(2233, 61, 1, 69, 133, 356, 2, 2015),
(2234, 61, 1, 69, 133, 357, 0, 2015),
(2235, 61, 1, 69, 133, 358, 4, 2015),
(2236, 61, 1, 70, 132, 354, 3, 2015),
(2237, 61, 1, 70, 132, 355, 3, 2015),
(2238, 61, 1, 70, 133, 356, 3, 2015),
(2239, 61, 1, 70, 133, 357, 0, 2015),
(2240, 61, 1, 70, 133, 358, 0, 2015),
(2241, 61, 1, 71, 132, 354, 2, 2015),
(2242, 61, 1, 71, 132, 355, 2, 2015),
(2243, 61, 1, 71, 133, 356, 2, 2015),
(2244, 61, 1, 71, 133, 357, 0, 2015),
(2245, 61, 1, 71, 133, 358, 0, 2015),
(2246, 61, 1, 72, 132, 354, 1, 2015),
(2247, 61, 1, 72, 132, 355, 1, 2015),
(2248, 61, 1, 72, 133, 356, 1, 2015),
(2249, 61, 1, 72, 133, 357, 0, 2015),
(2250, 61, 1, 72, 133, 358, 0, 2015),
(2251, 61, 1, 73, 132, 354, 1, 2015),
(2252, 61, 1, 73, 132, 355, 1, 2015),
(2253, 61, 1, 73, 133, 356, 1, 2015),
(2254, 61, 1, 73, 133, 357, 0, 2015),
(2255, 61, 1, 73, 133, 358, 0, 2015),
(2256, 61, 1, 74, 132, 354, 1, 2015),
(2257, 61, 1, 74, 132, 355, 1, 2015),
(2258, 61, 1, 74, 133, 356, 1, 2015),
(2259, 61, 1, 74, 133, 357, 0, 2015),
(2260, 61, 1, 74, 133, 358, 0, 2015),
(2261, 61, 1, 75, 132, 354, 10, 2015),
(2262, 61, 1, 75, 132, 355, 10, 2015),
(2263, 61, 1, 75, 133, 356, 10, 2015),
(2264, 61, 1, 75, 133, 357, 0, 2015),
(2265, 61, 1, 75, 133, 358, 0, 2015),
(2266, 20, 1, 69, 24, 87, 110.776, 2017),
(2267, 20, 1, 69, 25, 88, 97.786, 2017),
(2268, 20, 1, 69, 25, 89, 12.99, 2017),
(2269, 20, 1, 70, 24, 87, 360.113, 2017),
(2270, 20, 1, 70, 25, 88, 246.648, 2017),
(2271, 20, 1, 70, 25, 89, 113.465, 2017),
(2272, 20, 1, 71, 24, 87, 145.537, 2017),
(2273, 20, 1, 71, 25, 88, 84.408, 2017),
(2274, 20, 1, 71, 25, 89, 61.129, 2017),
(2275, 20, 1, 72, 24, 87, 203.945, 2017),
(2276, 20, 1, 72, 25, 88, 136.83, 2017),
(2277, 20, 1, 72, 25, 89, 67.115, 2017),
(2278, 20, 1, 73, 24, 87, 145.107, 2017),
(2279, 20, 1, 73, 25, 88, 84.695, 2017),
(2280, 20, 1, 73, 25, 89, 60.412, 2017),
(2281, 20, 1, 74, 24, 87, 103.479, 2017),
(2282, 20, 1, 74, 25, 88, 63.569, 2017),
(2283, 20, 1, 74, 25, 89, 39.91, 2017),
(2284, 20, 1, 75, 24, 87, 1.068, 2017),
(2285, 20, 1, 75, 25, 88, 713.936, 2017),
(2286, 20, 1, 75, 25, 89, 355.021, 2017),
(2287, 4, 27, 90, 1, 1, 6, 2019),
(2288, 4, 27, 90, 1, 2, 0, 2019),
(2289, 4, 27, 90, 1, 3, 6, 2019),
(2290, 4, 27, 91, 1, 1, 7, 2019),
(2291, 4, 27, 91, 1, 2, 4, 2019),
(2292, 4, 27, 91, 1, 3, 11, 2019),
(2293, 4, 27, 92, 1, 1, 516, 2019),
(2294, 4, 27, 92, 1, 2, 255, 2019),
(2295, 4, 27, 92, 1, 3, 771, 2019),
(2296, 4, 27, 93, 1, 1, 12, 2019),
(2297, 4, 27, 93, 1, 2, 7, 2019),
(2298, 4, 27, 93, 1, 3, 19, 2019),
(2299, 4, 27, 94, 1, 1, 114, 2019),
(2300, 4, 27, 94, 1, 2, 183, 2019),
(2301, 4, 27, 94, 1, 3, 297, 2019),
(2302, 4, 27, 95, 1, 1, 2335, 2019),
(2303, 4, 27, 95, 1, 2, 2131, 2019),
(2304, 4, 27, 95, 1, 3, 4466, 2019),
(2305, 4, 27, 96, 1, 1, 2990, 2019),
(2306, 4, 27, 96, 1, 2, 2580, 2019),
(2307, 4, 27, 96, 1, 3, 5570, 2019),
(2308, 38, 1, 69, 73, 221, 21, 2017),
(2309, 38, 1, 69, 73, 222, 125, 2017),
(2310, 38, 1, 69, 73, 223, 151, 2017),
(2311, 38, 1, 69, 73, 224, 1, 2017),
(2312, 38, 1, 69, 73, 225, 9, 2017),
(2313, 38, 1, 70, 73, 221, 49, 2017),
(2314, 38, 1, 70, 73, 222, 206, 2017),
(2315, 38, 1, 70, 73, 223, 209, 2017),
(2316, 38, 1, 70, 73, 224, 22, 2017),
(2317, 38, 1, 70, 73, 225, 18, 2017),
(2318, 38, 1, 71, 73, 221, 14, 2017),
(2319, 38, 1, 71, 73, 222, 147, 2017),
(2320, 38, 1, 71, 73, 223, 159, 2017),
(2321, 38, 1, 71, 73, 224, 7, 2017),
(2322, 38, 1, 71, 73, 225, 20, 2017),
(2323, 38, 1, 72, 73, 221, 36, 2017),
(2324, 38, 1, 72, 73, 222, 111, 2017),
(2325, 38, 1, 72, 73, 223, 157, 2017),
(2326, 38, 1, 72, 73, 224, 36, 2017),
(2327, 38, 1, 72, 73, 225, 17, 2017),
(2328, 38, 1, 73, 73, 221, 0, 2017),
(2329, 38, 1, 73, 73, 222, 0, 2017),
(2330, 38, 1, 73, 73, 223, 140, 2017),
(2331, 38, 1, 73, 73, 224, 5, 2017),
(2332, 38, 1, 73, 73, 225, 10, 2017),
(2333, 38, 1, 74, 73, 221, 9, 2017),
(2334, 38, 1, 74, 73, 222, 70, 2017),
(2335, 38, 1, 74, 73, 223, 115, 2017),
(2336, 38, 1, 74, 73, 224, 3, 2017),
(2337, 38, 1, 74, 73, 225, 1, 2017),
(2338, 38, 1, 75, 73, 221, 129, 2017),
(2339, 38, 1, 75, 73, 222, 659, 2017),
(2340, 38, 1, 75, 73, 223, 931, 2017),
(2341, 38, 1, 75, 73, 224, 74, 2017),
(2342, 38, 1, 75, 73, 225, 75, 2017),
(2343, 5, 28, 97, 1, 1, 1, 2019),
(2344, 5, 28, 97, 1, 2, 0, 2019),
(2345, 5, 28, 97, 1, 3, 1, 2019),
(2346, 5, 28, 98, 1, 1, 4, 2019),
(2347, 5, 28, 98, 1, 2, 0, 2019),
(2348, 5, 28, 98, 1, 3, 4, 2019),
(2349, 5, 28, 99, 1, 1, 2, 2019),
(2350, 5, 28, 99, 1, 2, 0, 2019),
(2351, 5, 28, 99, 1, 3, 2, 2019),
(2352, 5, 28, 100, 1, 1, 7, 2019),
(2353, 5, 28, 100, 1, 2, 5, 2019),
(2354, 5, 28, 100, 1, 3, 12, 2019),
(2355, 5, 28, 101, 1, 1, 62, 2019),
(2356, 5, 28, 101, 1, 2, 19, 2019),
(2357, 5, 28, 101, 1, 3, 81, 2019),
(2358, 5, 28, 102, 1, 1, 114, 2019),
(2359, 5, 28, 102, 1, 2, 64, 2019),
(2360, 5, 28, 102, 1, 3, 178, 2019),
(2361, 5, 28, 103, 1, 1, 238, 2019),
(2362, 5, 28, 103, 1, 2, 149, 2019),
(2363, 5, 28, 103, 1, 3, 387, 2019),
(2364, 5, 28, 104, 1, 1, 69, 2019),
(2365, 5, 28, 104, 1, 2, 44, 2019),
(2366, 5, 28, 104, 1, 3, 113, 2019),
(2367, 5, 28, 105, 1, 1, 408, 2019),
(2368, 5, 28, 105, 1, 2, 392, 2019),
(2369, 5, 28, 105, 1, 3, 800, 2019),
(2370, 5, 28, 106, 1, 1, 334, 2019),
(2371, 5, 28, 106, 1, 2, 385, 2019),
(2372, 5, 28, 106, 1, 3, 719, 2019),
(2373, 5, 28, 107, 1, 1, 550, 2019),
(2374, 5, 28, 107, 1, 2, 542, 2019),
(2375, 5, 28, 107, 1, 3, 1092, 2019),
(2376, 5, 28, 108, 1, 1, 466, 2019),
(2377, 5, 28, 108, 1, 2, 463, 2019),
(2378, 5, 28, 108, 1, 3, 929, 2019),
(2379, 5, 28, 109, 1, 1, 315, 2019),
(2380, 5, 28, 109, 1, 2, 279, 2019),
(2381, 5, 28, 109, 1, 3, 594, 2019),
(2382, 5, 28, 110, 1, 1, 383, 2019),
(2383, 5, 28, 110, 1, 2, 233, 2019),
(2384, 5, 28, 110, 1, 3, 616, 2019),
(2385, 5, 28, 111, 1, 1, 17, 2019),
(2386, 5, 28, 111, 1, 2, 4, 2019),
(2387, 5, 28, 111, 1, 3, 21, 2019),
(2388, 5, 28, 112, 1, 1, 19, 2019),
(2389, 5, 28, 112, 1, 2, 1, 2019),
(2390, 5, 28, 112, 1, 3, 20, 2019),
(2391, 5, 28, 113, 1, 1, 1, 2019),
(2392, 5, 28, 113, 1, 2, 0, 2019),
(2393, 5, 28, 113, 1, 3, 1, 2019),
(2394, 5, 28, 114, 1, 1, 2990, 2019),
(2395, 5, 28, 114, 1, 2, 2580, 2019),
(2396, 5, 28, 114, 1, 3, 5570, 2019),
(2397, 90, 1, 69, 163, 441, 8, 2019),
(2398, 90, 1, 69, 164, 442, 82, 2019),
(2399, 90, 1, 69, 165, 443, 547, 2019),
(2400, 90, 1, 69, 166, 444, 54317, 2019),
(2401, 90, 1, 69, 166, 445, 56567, 2019),
(2402, 90, 1, 69, 166, 446, 110884, 2019),
(2403, 90, 1, 70, 163, 441, 16, 2019),
(2404, 90, 1, 70, 164, 442, 167, 2019),
(2405, 90, 1, 70, 165, 443, 1.229, 2019),
(2406, 90, 1, 70, 166, 444, 149307, 2019),
(2407, 90, 1, 70, 166, 445, 157557, 2019),
(2408, 90, 1, 70, 166, 446, 303864, 2019),
(2409, 90, 1, 71, 163, 441, 17, 2019),
(2410, 90, 1, 71, 164, 442, 181, 2019),
(2411, 90, 1, 71, 165, 443, 586, 2019),
(2412, 90, 1, 71, 166, 444, 58517, 2019),
(2413, 90, 1, 71, 166, 445, 55790, 2019),
(2414, 90, 1, 71, 166, 446, 114307, 2019),
(2415, 90, 1, 72, 163, 441, 11, 2019),
(2416, 90, 1, 72, 164, 442, 101, 2019),
(2417, 90, 1, 72, 165, 443, 757, 2019),
(2418, 90, 1, 72, 166, 444, 84567, 2019),
(2419, 90, 1, 72, 166, 445, 82670, 2019),
(2420, 90, 1, 72, 166, 446, 167237, 2019),
(2421, 90, 1, 73, 163, 441, 12, 2019),
(2422, 90, 1, 73, 164, 442, 63, 2019),
(2423, 90, 1, 73, 165, 443, 395, 2019),
(2424, 90, 1, 73, 166, 444, 48398, 2019),
(2425, 90, 1, 73, 166, 445, 45389, 2019),
(2426, 90, 1, 73, 166, 446, 93787, 2019),
(2427, 90, 1, 74, 163, 441, 5, 2019),
(2428, 90, 1, 74, 164, 442, 54, 2019),
(2429, 90, 1, 74, 165, 443, 350, 2019),
(2430, 90, 1, 74, 166, 444, 38879, 2019),
(2431, 90, 1, 74, 166, 445, 36286, 2019),
(2432, 90, 1, 74, 166, 446, 75165, 2019),
(2433, 90, 1, 75, 163, 441, 69, 2019),
(2434, 90, 1, 75, 164, 442, 648, 2019),
(2435, 90, 1, 75, 165, 443, 3864, 2019),
(2436, 90, 1, 75, 166, 444, 433985, 2019),
(2437, 90, 1, 75, 166, 445, 431259, 2019),
(2438, 90, 1, 75, 166, 446, 865244, 2019),
(2439, 10, 1, 69, 5, 11, 4042, 2019),
(2440, 10, 1, 69, 6, 12, 141, 2019),
(2441, 10, 1, 69, 6, 13, 44, 2019),
(2442, 10, 1, 69, 6, 14, 16, 2019),
(2443, 10, 1, 69, 7, 15, 252, 2019),
(2444, 10, 1, 70, 5, 11, 5924, 2019),
(2445, 10, 1, 70, 6, 12, 162, 2019),
(2446, 10, 1, 70, 6, 13, 42, 2019),
(2447, 10, 1, 70, 6, 14, 29, 2019),
(2448, 10, 1, 70, 7, 15, 204, 2019),
(2449, 10, 1, 71, 5, 11, 2477, 2019),
(2450, 10, 1, 71, 6, 12, 76, 2019),
(2451, 10, 1, 71, 6, 13, 25, 2019),
(2452, 10, 1, 71, 6, 14, 40, 2019),
(2453, 10, 1, 71, 7, 15, 61, 2019),
(2454, 10, 1, 72, 5, 11, 3800, 2019),
(2455, 10, 1, 72, 6, 12, 96, 2019),
(2456, 10, 1, 72, 6, 13, 28, 2019),
(2457, 10, 1, 72, 6, 14, 24, 2019),
(2458, 10, 1, 72, 7, 15, 158, 2019),
(2459, 10, 1, 73, 5, 11, 1818, 2019),
(2460, 10, 1, 73, 6, 12, 23, 2019),
(2461, 10, 1, 73, 6, 13, 30, 2019),
(2462, 10, 1, 73, 6, 14, 13, 2019),
(2463, 10, 1, 73, 7, 15, 139, 2019),
(2464, 10, 1, 74, 5, 11, 939, 2019),
(2465, 10, 1, 74, 6, 12, 12, 2019),
(2466, 10, 1, 74, 6, 13, 4, 2019),
(2467, 10, 1, 74, 6, 14, 14, 2019),
(2468, 10, 1, 74, 7, 15, 67, 2019),
(2469, 10, 1, 75, 5, 11, 0, 2019),
(2470, 10, 1, 75, 6, 12, 510, 2019),
(2471, 10, 1, 75, 6, 13, 173, 2019),
(2472, 10, 1, 75, 6, 14, 136, 2019),
(2473, 10, 1, 75, 7, 15, 0, 2019),
(2474, 9, 1, 69, 5, 11, 3591, 2019),
(2475, 9, 1, 69, 6, 12, 154, 2019),
(2476, 9, 1, 69, 6, 13, 25, 2019),
(2477, 9, 1, 69, 6, 14, 7, 2019),
(2478, 9, 1, 69, 7, 15, 513, 2019),
(2479, 9, 1, 70, 5, 11, 8067, 2019),
(2480, 9, 1, 70, 6, 12, 234, 2019),
(2481, 9, 1, 70, 6, 13, 31, 2019),
(2482, 9, 1, 70, 6, 14, 17, 2019),
(2483, 9, 1, 70, 7, 15, 474, 2019),
(2484, 9, 1, 71, 5, 11, 3722, 2019),
(2485, 9, 1, 71, 6, 12, 77, 2019),
(2486, 9, 1, 71, 6, 13, 24, 2019),
(2487, 9, 1, 71, 6, 14, 21, 2019),
(2488, 9, 1, 71, 7, 15, 177, 2019),
(2489, 9, 1, 72, 5, 11, 6699, 2019),
(2490, 9, 1, 72, 6, 12, 137, 2019),
(2491, 9, 1, 72, 6, 13, 36, 2019),
(2492, 9, 1, 72, 6, 14, 22, 2019),
(2493, 9, 1, 72, 7, 15, 304, 2019),
(2494, 9, 1, 73, 5, 11, 4267, 2019),
(2495, 9, 1, 73, 6, 12, 72, 2019),
(2496, 9, 1, 73, 6, 13, 62, 2019),
(2497, 9, 1, 73, 6, 14, 10, 2019),
(2498, 9, 1, 73, 7, 15, 426, 2019),
(2499, 9, 1, 74, 5, 11, 3247, 2019),
(2500, 9, 1, 74, 6, 12, 53, 2019),
(2501, 9, 1, 74, 6, 13, 32, 2019),
(2502, 9, 1, 74, 6, 14, 12, 2019),
(2503, 9, 1, 74, 7, 15, 270, 2019),
(2504, 9, 1, 75, 5, 11, 0, 2019),
(2505, 9, 1, 75, 6, 12, 727, 2019),
(2506, 9, 1, 75, 6, 13, 210, 2019),
(2507, 9, 1, 75, 6, 14, 89, 2019),
(2508, 9, 1, 75, 7, 15, 0, 2019),
(2509, 11, 1, 69, 8, 16, 50, 2017),
(2510, 11, 1, 69, 8, 17, 109, 2017),
(2511, 11, 1, 69, 8, 18, 8, 2017),
(2512, 11, 1, 69, 8, 19, 168, 2017),
(2513, 11, 1, 70, 8, 16, 46.09, 2017),
(2514, 11, 1, 70, 8, 17, 7.82, 2017),
(2515, 11, 1, 70, 8, 18, 53.91, 2017),
(2516, 11, 1, 70, 8, 19, 138, 2017),
(2517, 11, 1, 71, 8, 16, 350, 2017),
(2518, 11, 1, 71, 8, 17, 29, 2017),
(2519, 11, 1, 71, 8, 18, 519, 2017),
(2520, 11, 1, 71, 8, 19, 39.62, 2017),
(2521, 11, 1, 72, 8, 16, 8.54, 2017),
(2522, 11, 1, 72, 8, 17, 48.15, 2017),
(2523, 11, 1, 72, 8, 18, 49, 2017),
(2524, 11, 1, 72, 8, 19, 143, 2017),
(2525, 11, 1, 73, 8, 16, 12, 2017),
(2526, 11, 1, 73, 8, 17, 204, 2017),
(2527, 11, 1, 73, 8, 18, 34.33, 2017),
(2528, 11, 1, 73, 8, 19, 8.54, 2017),
(2529, 11, 1, 74, 8, 16, 42.86, 2017),
(2530, 11, 1, 74, 8, 17, 83, 2017),
(2531, 11, 1, 74, 8, 18, 205, 2017),
(2532, 11, 1, 74, 8, 19, 11, 2017),
(2533, 11, 1, 75, 8, 16, 300, 2017),
(2534, 11, 1, 75, 8, 17, 40.57, 2017),
(2535, 11, 1, 75, 8, 18, 5.49, 2017),
(2536, 11, 1, 75, 8, 19, 46.07, 2017),
(2537, 98, 56, 248, 181, 494, 1202020, 2018),
(2538, 98, 56, 248, 181, 495, 0, 2018),
(2539, 98, 56, 248, 181, 496, 0, 2018),
(2540, 93, 48, 227, 173, 468, 4186, 2019),
(2541, 93, 48, 227, 173, 469, 12940, 2019),
(2542, 93, 48, 227, 173, 470, 5155, 2019),
(2543, 93, 48, 227, 173, 471, 9393, 2019),
(2544, 93, 48, 227, 173, 472, 1806, 2019),
(2545, 93, 48, 227, 173, 473, 1246, 2019),
(2546, 93, 48, 227, 173, 474, 983, 2019),
(2547, 93, 48, 228, 173, 468, 7049, 2019),
(2548, 93, 48, 228, 173, 469, 13567, 2019),
(2549, 93, 48, 228, 173, 470, 13687, 2019),
(2550, 93, 48, 228, 173, 471, 18152, 2019),
(2551, 93, 48, 228, 173, 472, 5514, 2019),
(2552, 93, 48, 228, 173, 473, 8241, 2019),
(2553, 93, 48, 228, 173, 474, 8077, 2019),
(2554, 93, 48, 229, 173, 468, 7781, 2019),
(2555, 93, 48, 229, 173, 469, 22892, 2019),
(2556, 93, 48, 229, 173, 470, 9127, 2019),
(2557, 93, 48, 229, 173, 471, 17647, 2019),
(2558, 93, 48, 229, 173, 472, 13052, 2019),
(2559, 93, 48, 229, 173, 473, 4949, 2019),
(2560, 93, 48, 229, 173, 474, 14366, 2019),
(2561, 93, 48, 230, 173, 468, 14562, 2019),
(2562, 93, 48, 230, 173, 469, 13245, 2019),
(2563, 93, 48, 230, 173, 470, 26206, 2019),
(2564, 93, 48, 230, 173, 471, 13729, 2019),
(2565, 93, 48, 230, 173, 472, 11774, 2019),
(2566, 93, 48, 230, 173, 473, 7324, 2019),
(2567, 93, 48, 230, 173, 474, 9241, 2019),
(2568, 93, 48, 231, 173, 468, 23135, 2019),
(2569, 93, 48, 231, 173, 469, 15562, 2019),
(2570, 93, 48, 231, 173, 470, 13582, 2019),
(2571, 93, 48, 231, 173, 471, 1199, 2019),
(2572, 93, 48, 231, 173, 472, 26867, 2019),
(2573, 93, 48, 231, 173, 473, 1146, 2019),
(2574, 93, 48, 231, 173, 474, 8269, 2019),
(2575, 93, 48, 232, 173, 468, 486, 2019),
(2576, 93, 48, 232, 173, 469, 324, 2019),
(2577, 93, 48, 232, 173, 470, 240, 2019),
(2578, 93, 48, 232, 173, 471, 292, 2019),
(2579, 93, 48, 232, 173, 472, 5361, 2019),
(2580, 93, 48, 232, 173, 473, 830, 2019),
(2581, 93, 48, 232, 173, 474, 138, 2019),
(2582, 93, 48, 233, 173, 468, 766, 2019),
(2583, 93, 48, 233, 173, 469, 754, 2019),
(2584, 93, 48, 233, 173, 470, 895, 2019),
(2585, 93, 48, 233, 173, 471, 177, 2019),
(2586, 93, 48, 233, 173, 472, 2351, 2019),
(2587, 93, 48, 233, 173, 473, 1364, 2019),
(2588, 93, 48, 233, 173, 474, 279, 2019),
(2589, 93, 48, 234, 173, 468, 143, 2019),
(2590, 93, 48, 234, 173, 469, 6115, 2019),
(2591, 93, 48, 234, 173, 470, 3226, 2019),
(2592, 93, 48, 234, 173, 471, 671, 2019),
(2593, 93, 48, 234, 173, 472, 2166, 2019),
(2594, 93, 48, 234, 173, 473, 4016, 2019),
(2595, 93, 48, 234, 173, 474, 511, 2019),
(2596, 93, 48, 235, 173, 468, 9285, 2019),
(2597, 93, 48, 235, 173, 469, 5107, 2019),
(2598, 93, 48, 235, 173, 470, 7560, 2019),
(2599, 93, 48, 235, 173, 471, 284, 2019),
(2600, 93, 48, 235, 173, 472, 2077, 2019),
(2601, 93, 48, 235, 173, 473, 1222, 2019),
(2602, 93, 48, 235, 173, 474, 8945, 2019),
(2603, 93, 48, 236, 173, 468, 9427, 2019),
(2604, 93, 48, 236, 173, 469, 3021, 2019),
(2605, 93, 48, 236, 173, 470, 3084, 2019),
(2606, 93, 48, 236, 173, 471, 9337, 2019),
(2607, 93, 48, 236, 173, 472, 1427, 2019),
(2608, 93, 48, 236, 173, 473, 391, 2019),
(2609, 93, 48, 236, 173, 474, 301, 2019),
(2610, 93, 48, 237, 173, 468, 881, 2019),
(2611, 93, 48, 237, 173, 469, 541, 2019),
(2612, 93, 48, 237, 173, 470, 186, 2019),
(2613, 93, 48, 237, 173, 471, 163, 2019),
(2614, 93, 48, 237, 173, 472, 165, 2019),
(2615, 93, 48, 237, 173, 473, 69, 2019),
(2616, 93, 48, 237, 173, 474, 879, 2019),
(2617, 93, 48, 238, 173, 468, 406, 2019),
(2618, 93, 48, 238, 173, 469, 15210, 2019),
(2619, 93, 48, 238, 173, 470, 7270, 2019),
(2620, 93, 48, 238, 173, 471, 9304, 2019),
(2621, 93, 48, 238, 173, 472, 17034, 2019),
(2622, 93, 48, 238, 173, 473, 1681, 2019),
(2623, 93, 48, 238, 173, 474, 6426, 2019),
(2624, 93, 48, 239, 173, 468, 10989, 2019),
(2625, 93, 48, 239, 173, 469, 8043, 2019),
(2626, 93, 48, 239, 173, 470, 152, 2019),
(2627, 93, 48, 239, 173, 471, 1256, 2019),
(2628, 93, 48, 239, 173, 472, 9698, 2019),
(2629, 93, 48, 239, 173, 473, 3116, 2019),
(2630, 93, 48, 239, 173, 474, 8725, 2019),
(2631, 93, 48, 240, 173, 468, 4918, 2019),
(2632, 93, 48, 240, 173, 469, 16733, 2019),
(2633, 93, 48, 240, 173, 470, 9062, 2019),
(2634, 93, 48, 240, 173, 471, 13646, 2019),
(2635, 93, 48, 240, 173, 472, 40014, 2019),
(2636, 93, 48, 240, 173, 473, 28543, 2019),
(2637, 93, 48, 240, 173, 474, 12097, 2019),
(2638, 93, 48, 241, 173, 468, 42, 2019),
(2639, 93, 48, 241, 173, 469, 201, 2019),
(2640, 93, 48, 241, 173, 470, 2893, 2019),
(2641, 93, 48, 241, 173, 471, 89, 2019),
(2642, 93, 48, 241, 173, 472, 142, 2019),
(2643, 93, 48, 241, 173, 473, 733, 2019),
(2644, 93, 48, 241, 173, 474, 254, 2019),
(2645, 93, 48, 242, 173, 468, 2571, 2019),
(2646, 93, 48, 242, 173, 469, 1565, 2019),
(2647, 93, 48, 242, 173, 470, 86, 2019),
(2648, 93, 48, 242, 173, 471, 81, 2019),
(2649, 93, 48, 242, 173, 472, 82, 2019),
(2650, 93, 48, 242, 173, 473, 115, 2019),
(2651, 93, 48, 242, 173, 474, 637, 2019);

-- --------------------------------------------------------

--
-- Table structure for table `data_rows`
--

CREATE TABLE `data_rows` (
  `id` int(10) UNSIGNED NOT NULL,
  `data_type_id` int(10) UNSIGNED NOT NULL,
  `field` varchar(255) COLLATE utf8mb4_unicode_ci NOT NULL,
  `type` varchar(255) COLLATE utf8mb4_unicode_ci NOT NULL,
  `display_name` varchar(255) COLLATE utf8mb4_unicode_ci NOT NULL,
  `required` tinyint(1) NOT NULL DEFAULT 0,
  `browse` tinyint(1) NOT NULL DEFAULT 1,
  `read` tinyint(1) NOT NULL DEFAULT 1,
  `edit` tinyint(1) NOT NULL DEFAULT 1,
  `add` tinyint(1) NOT NULL DEFAULT 1,
  `delete` tinyint(1) NOT NULL DEFAULT 1,
  `details` text COLLATE utf8mb4_unicode_ci DEFAULT NULL,
  `order` int(11) NOT NULL DEFAULT 1
) ENGINE=InnoDB DEFAULT CHARSET=utf8mb4 COLLATE=utf8mb4_unicode_ci;

--
-- Dumping data for table `data_rows`
--

INSERT INTO `data_rows` (`id`, `data_type_id`, `field`, `type`, `display_name`, `required`, `browse`, `read`, `edit`, `add`, `delete`, `details`, `order`) VALUES
(1, 1, 'id', 'number', 'ID', 1, 0, 0, 0, 0, 0, NULL, 1),
(2, 1, 'name', 'text', 'Name', 1, 1, 1, 1, 1, 1, NULL, 2),
(3, 1, 'email', 'text', 'Email', 1, 1, 1, 1, 1, 1, NULL, 3),
(4, 1, 'password', 'password', 'Password', 1, 0, 0, 1, 1, 0, NULL, 4),
(5, 1, 'remember_token', 'text', 'Remember Token', 0, 0, 0, 0, 0, 0, NULL, 5),
(6, 1, 'created_at', 'timestamp', 'Created At', 0, 1, 1, 0, 0, 0, NULL, 6),
(7, 1, 'updated_at', 'timestamp', 'Updated At', 0, 0, 0, 0, 0, 0, NULL, 7),
(8, 1, 'avatar', 'image', 'Avatar', 0, 1, 1, 1, 1, 1, NULL, 8),
(9, 1, 'user_belongsto_role_relationship', 'relationship', 'Role', 0, 1, 1, 1, 1, 0, '{\"model\":\"TCG\\\\Voyager\\\\Models\\\\Role\",\"table\":\"roles\",\"type\":\"belongsTo\",\"column\":\"role_id\",\"key\":\"id\",\"label\":\"display_name\",\"pivot_table\":\"roles\",\"pivot\":0}', 10),
(10, 1, 'user_belongstomany_role_relationship', 'relationship', 'Roles', 0, 1, 1, 1, 1, 0, '{\"model\":\"TCG\\\\Voyager\\\\Models\\\\Role\",\"table\":\"roles\",\"type\":\"belongsToMany\",\"column\":\"id\",\"key\":\"id\",\"label\":\"display_name\",\"pivot_table\":\"user_roles\",\"pivot\":\"1\",\"taggable\":\"0\"}', 11),
(11, 1, 'locale', 'text', 'Locale', 0, 1, 1, 1, 1, 0, NULL, 12),
(12, 1, 'settings', 'hidden', 'Settings', 0, 0, 0, 0, 0, 0, NULL, 12),
(13, 2, 'id', 'number', 'ID', 1, 0, 0, 0, 0, 0, NULL, 1),
(14, 2, 'name', 'text', 'Name', 1, 1, 1, 1, 1, 1, NULL, 2),
(15, 2, 'created_at', 'timestamp', 'Created At', 0, 0, 0, 0, 0, 0, NULL, 3),
(16, 2, 'updated_at', 'timestamp', 'Updated At', 0, 0, 0, 0, 0, 0, NULL, 4),
(17, 3, 'id', 'number', 'ID', 1, 0, 0, 0, 0, 0, NULL, 1),
(18, 3, 'name', 'text', 'Name', 1, 1, 1, 1, 1, 1, NULL, 2),
(19, 3, 'created_at', 'timestamp', 'Created At', 0, 0, 0, 0, 0, 0, NULL, 3),
(20, 3, 'updated_at', 'timestamp', 'Updated At', 0, 0, 0, 0, 0, 0, NULL, 4),
(21, 3, 'display_name', 'text', 'Display Name', 1, 1, 1, 1, 1, 1, NULL, 5),
(22, 1, 'role_id', 'text', 'Role', 1, 1, 1, 1, 1, 1, NULL, 9),
(92, 11, 'id', 'number', 'ID', 1, 0, 0, 0, 0, 0, '{}', 1),
(93, 11, 'indikator_id', 'number', 'ID Indikator', 1, 1, 1, 1, 1, 1, '{}', 2),
(94, 11, 'tahun', 'number', 'Tahun', 1, 1, 1, 1, 1, 1, '{}', 3),
(95, 11, 'cek', 'checkbox', 'Cek', 1, 1, 1, 1, 1, 1, '{}', 7),
(96, 11, 'status', 'checkbox', 'Status', 1, 1, 1, 1, 1, 1, '{}', 4),
(97, 11, 'created_at', 'timestamp', 'Tanggal Dibuat', 0, 0, 1, 0, 0, 0, '{\"format\":\"%d\\/%m\\/%Y\"}', 5),
(98, 11, 'updated_at', 'timestamp', 'Tanggal Diperbaharui', 0, 0, 1, 0, 0, 0, '{\"format\":\"%d\\/%m\\/%Y\"}', 6),
(99, 11, 'tanggal_cek', 'timestamp', 'Tanggal Cek', 0, 1, 1, 1, 1, 1, '{}', 8),
(100, 11, 'supervisor', 'number', 'Supervisor', 0, 1, 1, 1, 1, 1, '{}', 9),
(101, 11, 'catatan', 'text', 'Catatan', 0, 1, 1, 1, 1, 1, '{}', 10),
(112, 15, 'id', 'number', 'ID', 1, 0, 0, 0, 0, 0, '{}', 1),
(113, 15, 'author_id', 'text', 'Pembuat Berita', 1, 0, 1, 1, 0, 1, '{}', 2),
(114, 15, 'category_id', 'text', 'Kategori', 0, 0, 1, 1, 1, 0, '{}', 3),
(115, 15, 'title', 'text', 'Judul Berita', 1, 1, 1, 1, 1, 1, '{}', 4),
(116, 15, 'seo_title', 'text', 'Judul SEO', 0, 1, 1, 1, 1, 1, '{}', 5),
(117, 15, 'excerpt', 'text_area', 'Kutipan', 0, 0, 1, 1, 1, 1, '{}', 6),
(118, 15, 'body', 'rich_text_box', 'Isi Berita', 1, 0, 1, 1, 1, 1, '{}', 7),
(119, 15, 'image', 'image', 'Gambar', 0, 1, 1, 1, 1, 1, '{\"resize\":{\"width\":\"1000\",\"height\":\"null\"},\"quality\":\"70%\",\"upsize\":true,\"thumbnails\":[{\"name\":\"medium\",\"scale\":\"50%\"},{\"name\":\"small\",\"scale\":\"25%\"},{\"name\":\"cropped\",\"crop\":{\"width\":\"300\",\"height\":\"250\"}}]}', 8),
(120, 15, 'slug', 'text', 'Slug', 1, 0, 1, 1, 1, 1, '{\"slugify\":{\"origin\":\"title\",\"forceUpdate\":true},\"validation\":{\"rule\":\"unique:posts,slug\"}}', 9),
(121, 15, 'meta_description', 'text_area', 'Meta Berita', 0, 0, 1, 1, 1, 1, '{}', 10),
(122, 15, 'meta_keywords', 'text_area', 'Kata Kunci', 0, 0, 1, 1, 1, 1, '{}', 11),
(123, 15, 'status', 'select_dropdown', 'Status', 1, 1, 1, 1, 1, 1, '{\"default\":\"DRAFT\",\"options\":{\"PUBLISHED\":\"published\",\"DRAFT\":\"draft\",\"PENDING\":\"pending\"}}', 12),
(124, 15, 'featured', 'checkbox', 'Ditampilkan', 1, 1, 1, 1, 1, 1, '{}', 13),
(125, 15, 'created_at', 'timestamp', 'Dibuat Pada', 0, 1, 1, 0, 0, 0, '{}', 14),
(126, 15, 'updated_at', 'timestamp', 'Diperbaharui Pada', 0, 0, 0, 0, 0, 0, '{}', 15),
(128, 16, 'id', 'number', 'ID', 1, 0, 0, 0, 0, 0, '{}', 1),
(129, 16, 'name', 'text', 'Nama Variabel', 1, 1, 1, 1, 1, 1, '{}', 2),
(130, 16, 'created_at', 'timestamp', 'Tanggal Pembuatan', 0, 1, 1, 0, 0, 0, '{\"format\":\"%d \\/ %m \\/ %Y\"}', 4),
(131, 16, 'updated_at', 'timestamp', 'Tanggal Pembaharuan', 0, 1, 1, 0, 0, 0, '{\"format\":\"%d \\/ %m \\/ %Y\"}', 5),
(132, 16, 'row_hasmany_row_detail_relationship', 'relationship', 'Indikator Variabel', 0, 1, 1, 1, 1, 1, '{\"model\":\"App\\\\Models\\\\RowDetail\",\"table\":\"row_details\",\"type\":\"hasMany\",\"column\":\"row_id\",\"key\":\"id\",\"label\":\"name\",\"pivot_table\":\"categories\",\"pivot\":\"0\",\"taggable\":\"0\"}', 3),
(137, 18, 'id', 'number', 'ID', 1, 0, 0, 0, 0, 0, '{}', 1),
(138, 18, 'name', 'text', 'Nama Variabel', 1, 1, 1, 1, 1, 1, '{}', 2),
(139, 18, 'created_at', 'timestamp', 'Tanggal Pembuatan', 0, 1, 1, 0, 0, 0, '{\"format\":\"%d \\/ %m \\/ %Y\"}', 4),
(140, 18, 'updated_at', 'timestamp', 'Tanggal Pembaharuan', 0, 1, 1, 0, 0, 0, '{\"format\":\"%d \\/ %m \\/ %Y\"}', 5),
(141, 18, 'column_hasmany_column_detail_relationship', 'relationship', 'Indikator Variabel', 0, 1, 1, 1, 1, 1, '{\"model\":\"App\\\\Models\\\\ColumnDetail\",\"table\":\"column_details\",\"type\":\"hasMany\",\"column\":\"column_id\",\"key\":\"id\",\"label\":\"name\",\"pivot_table\":\"categories\",\"pivot\":\"0\",\"taggable\":\"0\"}', 3),
(142, 19, 'id', 'number', 'ID', 1, 0, 0, 0, 0, 0, '{}', 1),
(143, 19, 'name', 'text', 'Judul Tabel', 1, 1, 1, 1, 1, 1, '{}', 2),
(146, 19, 'row_id', 'select_dropdown', 'Variabel Baris', 1, 0, 1, 1, 1, 1, '{}', 5),
(147, 19, 'column_id', 'text', 'Variabel Kolom', 0, 0, 0, 0, 0, 0, '{}', 7),
(148, 19, 'number_of_tables', 'text', 'Jumlah Tabel', 1, 0, 1, 0, 0, 0, '{}', 9),
(149, 19, 'assign', 'text', 'Instansi Pemilik Tabel', 0, 0, 1, 1, 1, 1, '{}', 10),
(150, 19, 'main', 'checkbox', 'Utama / Opsional', 1, 0, 1, 1, 1, 1, '{\"on\":\"Utama\",\"off\":\"Opsional\",\"checked\":false}', 12),
(151, 19, 'created_at', 'timestamp', 'Tanggal Pembuatan', 0, 1, 1, 0, 0, 0, '{\"format\":\"%d \\/ %m \\/ %Y\"}', 13),
(152, 19, 'updated_at', 'timestamp', 'Tanggal Pembaharuan', 0, 1, 1, 0, 0, 0, '{\"format\":\"%d \\/ %m \\/ %Y\"}', 14),
(153, 19, 'template_belongsto_row_relationship', 'relationship', 'Variabel Baris', 0, 0, 1, 1, 1, 1, '{\"model\":\"App\\\\Models\\\\Row\",\"table\":\"rows\",\"type\":\"belongsTo\",\"column\":\"row_id\",\"key\":\"id\",\"label\":\"name\",\"pivot_table\":\"categories\",\"pivot\":\"0\",\"taggable\":\"0\"}', 6),
(154, 19, 'template_belongstomany_column_relationship', 'relationship', 'Variabel Kolom', 0, 0, 1, 1, 1, 0, '{\"model\":\"App\\\\Models\\\\Column\",\"table\":\"columns\",\"type\":\"belongsToMany\",\"column\":\"id\",\"key\":\"id\",\"label\":\"name\",\"pivot_table\":\"templates_columns\",\"pivot\":\"1\",\"taggable\":\"0\"}', 8),
(155, 19, 'template_belongsto_user_relationship', 'relationship', 'Instansi Pemilik Tabel', 0, 1, 1, 1, 1, 0, '{\"model\":\"TCG\\\\Voyager\\\\Models\\\\User\",\"table\":\"users\",\"type\":\"belongsTo\",\"column\":\"assign\",\"key\":\"id\",\"label\":\"name\",\"pivot_table\":\"categories\",\"pivot\":\"0\",\"taggable\":\"0\"}', 11),
(156, 20, 'id', 'number', 'ID', 1, 0, 0, 0, 0, 0, '{}', 1),
(157, 20, 'template_id', 'number', 'Template Tabel', 1, 1, 1, 1, 1, 1, '{}', 2),
(158, 20, 'year', 'number', 'Tahun Data', 1, 1, 1, 1, 1, 1, '{}', 3),
(159, 20, 'check', 'checkbox', 'Status Periksa', 1, 1, 1, 1, 1, 1, '{}', 4),
(160, 20, 'status', 'checkbox', 'Status Data', 1, 1, 1, 1, 1, 1, '{}', 5),
(161, 20, 'created_at', 'timestamp', 'Tanggal Pembuatan', 0, 1, 1, 0, 0, 0, '{\"format\":\"%d \\/ %m \\/ %Y\"}', 9),
(162, 20, 'updated_at', 'timestamp', 'Tanggal Pembaharuan', 0, 1, 1, 0, 0, 0, '{\"format\":\"%d \\/ %m \\/ %Y\"}', 10),
(163, 20, 'date_check', 'timestamp', 'Tanggal Pemeriksaan', 0, 1, 1, 1, 1, 1, '{\"format\":\"%d \\/ %m \\/ %Y\"}', 6),
(164, 20, 'supervisor', 'number', 'Pemeriksa', 0, 1, 1, 1, 1, 1, '{}', 7),
(165, 20, 'note', 'text', 'Catatan Pemeriksaan', 0, 1, 1, 1, 1, 1, '{}', 8);

-- --------------------------------------------------------

--
-- Table structure for table `data_types`
--

CREATE TABLE `data_types` (
  `id` int(10) UNSIGNED NOT NULL,
  `name` varchar(255) COLLATE utf8mb4_unicode_ci NOT NULL,
  `slug` varchar(255) COLLATE utf8mb4_unicode_ci NOT NULL,
  `display_name_singular` varchar(255) COLLATE utf8mb4_unicode_ci NOT NULL,
  `display_name_plural` varchar(255) COLLATE utf8mb4_unicode_ci NOT NULL,
  `icon` varchar(255) COLLATE utf8mb4_unicode_ci DEFAULT NULL,
  `model_name` varchar(255) COLLATE utf8mb4_unicode_ci DEFAULT NULL,
  `policy_name` varchar(255) COLLATE utf8mb4_unicode_ci DEFAULT NULL,
  `controller` varchar(255) COLLATE utf8mb4_unicode_ci DEFAULT NULL,
  `description` varchar(255) COLLATE utf8mb4_unicode_ci DEFAULT NULL,
  `generate_permissions` tinyint(1) NOT NULL DEFAULT 0,
  `server_side` tinyint(4) NOT NULL DEFAULT 0,
  `details` text COLLATE utf8mb4_unicode_ci DEFAULT NULL,
  `created_at` timestamp NULL DEFAULT NULL,
  `updated_at` timestamp NULL DEFAULT NULL
) ENGINE=InnoDB DEFAULT CHARSET=utf8mb4 COLLATE=utf8mb4_unicode_ci;

--
-- Dumping data for table `data_types`
--

INSERT INTO `data_types` (`id`, `name`, `slug`, `display_name_singular`, `display_name_plural`, `icon`, `model_name`, `policy_name`, `controller`, `description`, `generate_permissions`, `server_side`, `details`, `created_at`, `updated_at`) VALUES
(1, 'users', 'users', 'User', 'Users', 'voyager-person', 'TCG\\Voyager\\Models\\User', 'TCG\\Voyager\\Policies\\UserPolicy', '', '', 1, 0, NULL, '2019-04-21 21:59:28', '2019-04-21 21:59:28'),
(2, 'menus', 'menus', 'Menu', 'Menus', 'voyager-list', 'TCG\\Voyager\\Models\\Menu', NULL, '', '', 1, 0, NULL, '2019-04-21 21:59:28', '2019-04-21 21:59:28'),
(3, 'roles', 'roles', 'Role', 'Roles', 'voyager-lock', 'TCG\\Voyager\\Models\\Role', NULL, '', '', 1, 0, NULL, '2019-04-21 21:59:28', '2019-04-21 21:59:28'),
(11, 'pemeriksaan', 'pemeriksaan', 'Pemeriksaan', 'Pemeriksaan Data', 'voyager-pen', 'App\\Models\\Pemeriksa', NULL, 'App\\Http\\Controllers\\PemeriksaanController', NULL, 1, 1, '{\"order_column\":null,\"order_display_column\":null,\"order_direction\":\"asc\",\"default_search_key\":null}', '2019-05-20 10:47:27', '2019-05-20 10:47:27'),
(15, 'posts', 'posts', 'Berita', 'Berita', 'voyager-news', 'TCG\\Voyager\\Models\\Post', 'TCG\\Voyager\\Policies\\PostPolicy', NULL, NULL, 1, 0, '{\"order_column\":null,\"order_display_column\":null,\"order_direction\":\"desc\",\"default_search_key\":null,\"scope\":null}', '2019-08-09 16:00:02', '2019-08-09 16:06:04'),
(16, 'rows', 'rows', 'Baris', 'Variabel Baris', 'voyager-params', 'App\\Models\\Row', NULL, 'App\\Http\\Controllers\\RowController', NULL, 1, 1, '{\"order_column\":null,\"order_display_column\":null,\"order_direction\":\"asc\",\"default_search_key\":null,\"scope\":null}', '2019-08-24 13:02:39', '2019-08-24 13:06:31'),
(18, 'columns', 'columns', 'Kolom', 'Variabel Kolom', 'voyager-params', 'App\\Models\\Column', NULL, 'App\\Http\\Controllers\\ColumnController', NULL, 1, 1, '{\"order_column\":null,\"order_display_column\":null,\"order_direction\":\"asc\",\"default_search_key\":null,\"scope\":null}', '2019-08-24 13:08:53', '2019-08-24 13:09:39'),
(19, 'templates', 'templates', 'Template', 'Template Tabel', 'voyager-data', 'App\\Models\\Template', NULL, 'App\\Http\\Controllers\\TemplateController', NULL, 1, 1, '{\"order_column\":null,\"order_display_column\":null,\"order_direction\":\"asc\",\"default_search_key\":null,\"scope\":null}', '2019-08-24 13:18:23', '2019-08-25 13:25:16'),
(20, 'verifications', 'verifications', 'Pemeriksaan', 'Pemeriksaan Data', 'voyager-pen', 'App\\Models\\Verification', NULL, 'App\\Http\\Controllers\\VerificationController', NULL, 1, 1, '{\"order_column\":null,\"order_display_column\":null,\"order_direction\":\"asc\",\"default_search_key\":null}', '2019-08-25 02:26:23', '2019-08-25 02:26:23');

-- --------------------------------------------------------

--
-- Table structure for table `menus`
--

CREATE TABLE `menus` (
  `id` int(10) UNSIGNED NOT NULL,
  `name` varchar(255) COLLATE utf8mb4_unicode_ci NOT NULL,
  `created_at` timestamp NULL DEFAULT NULL,
  `updated_at` timestamp NULL DEFAULT NULL
) ENGINE=InnoDB DEFAULT CHARSET=utf8mb4 COLLATE=utf8mb4_unicode_ci;

--
-- Dumping data for table `menus`
--

INSERT INTO `menus` (`id`, `name`, `created_at`, `updated_at`) VALUES
(1, 'admin', '2019-04-21 21:59:29', '2019-04-21 21:59:29');

-- --------------------------------------------------------

--
-- Table structure for table `menu_items`
--

CREATE TABLE `menu_items` (
  `id` int(10) UNSIGNED NOT NULL,
  `menu_id` int(10) UNSIGNED DEFAULT NULL,
  `title` varchar(255) COLLATE utf8mb4_unicode_ci NOT NULL,
  `url` varchar(255) COLLATE utf8mb4_unicode_ci NOT NULL,
  `target` varchar(255) COLLATE utf8mb4_unicode_ci NOT NULL DEFAULT '_self',
  `icon_class` varchar(255) COLLATE utf8mb4_unicode_ci DEFAULT NULL,
  `color` varchar(255) COLLATE utf8mb4_unicode_ci DEFAULT NULL,
  `parent_id` int(11) DEFAULT NULL,
  `order` int(11) NOT NULL,
  `created_at` timestamp NULL DEFAULT NULL,
  `updated_at` timestamp NULL DEFAULT NULL,
  `route` varchar(255) COLLATE utf8mb4_unicode_ci DEFAULT NULL,
  `parameters` text COLLATE utf8mb4_unicode_ci DEFAULT NULL
) ENGINE=InnoDB DEFAULT CHARSET=utf8mb4 COLLATE=utf8mb4_unicode_ci;

--
-- Dumping data for table `menu_items`
--

INSERT INTO `menu_items` (`id`, `menu_id`, `title`, `url`, `target`, `icon_class`, `color`, `parent_id`, `order`, `created_at`, `updated_at`, `route`, `parameters`) VALUES
(1, 1, 'Dashboard', '', '_self', 'voyager-boat', NULL, NULL, 1, '2019-04-21 21:59:29', '2019-04-21 21:59:29', 'voyager.dashboard', NULL),
(3, 1, 'User', '', '_self', 'voyager-person', '#000000', 25, 2, '2019-04-21 21:59:29', '2019-05-20 11:02:29', 'voyager.users.index', 'null'),
(4, 1, 'Hak Akses', '', '_self', 'voyager-lock', '#000000', 25, 1, '2019-04-21 21:59:29', '2019-05-20 11:02:20', 'voyager.roles.index', 'null'),
(5, 1, 'Kakas', '', '_self', 'voyager-tools', '#000000', NULL, 7, '2019-04-21 21:59:29', '2019-05-20 11:03:59', NULL, ''),
(6, 1, 'Menu Builder', '', '_self', 'voyager-list', NULL, 5, 1, '2019-04-21 21:59:29', '2019-04-21 22:04:30', 'voyager.menus.index', NULL),
(7, 1, 'Database', '', '_self', 'voyager-data', NULL, 5, 2, '2019-04-21 21:59:29', '2019-04-21 22:04:30', 'voyager.database.index', NULL),
(8, 1, 'Compass', '', '_self', 'voyager-compass', NULL, 5, 3, '2019-04-21 21:59:29', '2019-05-20 10:59:07', 'voyager.compass.index', NULL),
(9, 1, 'BREAD', '', '_self', 'voyager-bread', NULL, 5, 4, '2019-04-21 21:59:29', '2019-05-20 10:59:07', 'voyager.bread.index', NULL),
(10, 1, 'Pengaturan', '', '_self', 'voyager-settings', '#000000', NULL, 8, '2019-04-21 21:59:29', '2019-05-20 11:04:13', 'voyager.settings.index', 'null'),
(14, 1, 'Hooks', '', '_self', 'voyager-hook', NULL, 5, 5, '2019-04-21 21:59:30', '2019-05-20 10:59:07', 'voyager.hooks', NULL),
(15, 1, 'Variabel', '', '_self', 'voyager-list', '#000000', NULL, 2, '2019-04-21 22:04:23', '2019-08-16 14:05:14', NULL, ''),
(16, 1, 'Daftar Tabel', '', '_self', NULL, '#000000', 23, 1, '2019-05-20 10:15:38', '2019-08-24 13:24:25', 'voyager.templates.index', 'null'),
(17, 1, 'Baris', '', '_self', NULL, '#000000', 15, 1, '2019-05-20 10:31:57', '2019-08-24 13:04:34', 'voyager.rows.index', 'null'),
(18, 1, 'Kolom', '', '_self', NULL, '#000000', 15, 2, '2019-05-20 10:37:22', '2019-08-24 13:10:00', 'voyager.columns.index', 'null'),
(20, 1, 'Pemeriksaan Data', '', '_self', 'voyager-pen', '#000000', NULL, 4, '2019-05-20 10:47:27', '2019-08-25 07:50:35', 'voyager.verifications.index', 'null'),
(23, 1, 'Tabel', '', '_self', 'voyager-data', '#000000', NULL, 3, '2019-05-20 11:00:37', '2019-08-16 15:41:42', NULL, ''),
(24, 1, 'Isi Data', '', '_self', NULL, '#000000', 23, 2, '2019-05-20 11:01:28', '2019-08-16 16:04:29', 'voyager.data.index', 'null'),
(25, 1, 'Pengguna', '', '_self', 'voyager-people', '#000000', NULL, 6, '2019-05-20 11:01:58', '2019-08-09 16:07:45', NULL, ''),
(26, 1, 'Berita', '', '_self', 'voyager-news', '#000000', NULL, 5, '2019-08-09 16:00:03', '2019-08-09 16:07:45', 'voyager.posts.index', 'null');

-- --------------------------------------------------------

--
-- Table structure for table `migrations`
--

CREATE TABLE `migrations` (
  `id` int(10) UNSIGNED NOT NULL,
  `migration` varchar(255) COLLATE utf8mb4_unicode_ci NOT NULL,
  `batch` int(11) NOT NULL
) ENGINE=InnoDB DEFAULT CHARSET=utf8mb4 COLLATE=utf8mb4_unicode_ci;

--
-- Dumping data for table `migrations`
--

INSERT INTO `migrations` (`id`, `migration`, `batch`) VALUES
(1, '2014_10_12_000000_create_users_table', 1),
(2, '2014_10_12_100000_create_password_resets_table', 1),
(3, '2016_01_01_000000_add_voyager_user_fields', 1),
(4, '2016_01_01_000000_create_data_types_table', 1),
(5, '2016_01_01_000000_create_pages_table', 1),
(6, '2016_01_01_000000_create_posts_table', 1),
(7, '2016_02_15_204651_create_categories_table', 1),
(8, '2016_05_19_173453_create_menu_table', 1),
(9, '2016_10_21_190000_create_roles_table', 1),
(10, '2016_10_21_190000_create_settings_table', 1),
(11, '2016_11_30_135954_create_permission_table', 1),
(12, '2016_11_30_141208_create_permission_role_table', 1),
(13, '2016_12_26_201236_data_types__add__server_side', 1),
(14, '2017_01_13_000000_add_route_to_menu_items_table', 1),
(15, '2017_01_14_005015_create_translations_table', 1),
(16, '2017_01_15_000000_make_table_name_nullable_in_permissions_table', 1),
(17, '2017_03_06_000000_add_controller_to_data_types_table', 1),
(18, '2017_04_11_000000_alter_post_nullable_fields_table', 1),
(19, '2017_04_21_000000_add_order_to_data_rows_table', 1),
(20, '2017_07_05_210000_add_policyname_to_data_types_table', 1),
(21, '2017_08_05_000000_add_group_to_settings_table', 1),
(22, '2017_11_26_013050_add_user_role_relationship', 1),
(23, '2017_11_26_015000_create_user_roles_table', 1),
(24, '2018_03_11_000000_add_user_settings', 1),
(25, '2018_03_14_000000_add_details_to_data_types_table', 1),
(26, '2018_03_16_000000_make_settings_value_nullable', 1),
(27, '2019_03_18_054236_create_rows_table', 1),
(28, '2019_03_18_054334_create_row_details_table', 1),
(29, '2019_03_18_054544_create_columns_table', 1),
(30, '2019_03_18_054710_create_column_details_table', 1),
(35, '2019_03_18_055426_create_templates_table', 1),
(36, '2019_03_18_055657_create_data_table', 1),
(37, '2019_03_18_055934_create_verifications_table', 1),
(38, '2019_03_18_060653_create_templates_columns_table', 1),
(41, '2019_03_21_001704_change_pemeriksaan_table', 1),
(42, '2019_03_21_065154_change_assign_on_indikator_table', 1),
(43, '2019_04_01_213358_change_type_on_pemeriksaan_table', 1),
(44, '2019_04_01_214630_add_column_to_pemeriksaan_table', 1),
(48, '2019_08_14_014839_create_indikator_tahun_table', 2),
(49, '2019_08_16_063914_drop_periode_on_indikator_table', 3),
(50, '2019_08_16_065436_drop_item_periode_table', 4),
(51, '2019_08_16_065708_drop_periode_table', 5),
(52, '2019_08_16_072200_drop_item_subjek_table', 6),
(53, '2019_08_18_050853_drop_indikator_tahun_table', 7),
(56, '2019_10_25_004906_add_column_to_data_table', 8),
(59, '2019_10_25_014207_create_template_data_table', 9);

-- --------------------------------------------------------

--
-- Table structure for table `pages`
--

CREATE TABLE `pages` (
  `id` int(10) UNSIGNED NOT NULL,
  `author_id` int(11) NOT NULL,
  `title` varchar(255) COLLATE utf8mb4_unicode_ci NOT NULL,
  `excerpt` text COLLATE utf8mb4_unicode_ci DEFAULT NULL,
  `body` text COLLATE utf8mb4_unicode_ci DEFAULT NULL,
  `image` varchar(255) COLLATE utf8mb4_unicode_ci DEFAULT NULL,
  `slug` varchar(255) COLLATE utf8mb4_unicode_ci NOT NULL,
  `meta_description` text COLLATE utf8mb4_unicode_ci DEFAULT NULL,
  `meta_keywords` text COLLATE utf8mb4_unicode_ci DEFAULT NULL,
  `status` enum('ACTIVE','INACTIVE') COLLATE utf8mb4_unicode_ci NOT NULL DEFAULT 'INACTIVE',
  `created_at` timestamp NULL DEFAULT NULL,
  `updated_at` timestamp NULL DEFAULT NULL
) ENGINE=InnoDB DEFAULT CHARSET=utf8mb4 COLLATE=utf8mb4_unicode_ci;

--
-- Dumping data for table `pages`
--

INSERT INTO `pages` (`id`, `author_id`, `title`, `excerpt`, `body`, `image`, `slug`, `meta_description`, `meta_keywords`, `status`, `created_at`, `updated_at`) VALUES
(1, 0, 'Hello World', 'Hang the jib grog grog blossom grapple dance the hempen jig gangway pressgang bilge rat to go on account lugger. Nelsons folly gabion line draught scallywag fire ship gaff fluke fathom case shot. Sea Legs bilge rat sloop matey gabion long clothes run a shot across the bow Gold Road cog league.', '<p>Hello World. Scallywag grog swab Cat o\'nine tails scuttle rigging hardtack cable nipper Yellow Jack. Handsomely spirits knave lad killick landlubber or just lubber deadlights chantey pinnace crack Jennys tea cup. Provost long clothes black spot Yellow Jack bilged on her anchor league lateen sail case shot lee tackle.</p>\n<p>Ballast spirits fluke topmast me quarterdeck schooner landlubber or just lubber gabion belaying pin. Pinnace stern galleon starboard warp carouser to go on account dance the hempen jig jolly boat measured fer yer chains. Man-of-war fire in the hole nipperkin handsomely doubloon barkadeer Brethren of the Coast gibbet driver squiffy.</p>', 'pages/page1.jpg', 'hello-world', 'Yar Meta Description', 'Keyword1, Keyword2', 'ACTIVE', '2019-04-21 21:59:29', '2019-04-21 21:59:29');

-- --------------------------------------------------------

--
-- Table structure for table `password_resets`
--

CREATE TABLE `password_resets` (
  `email` varchar(255) COLLATE utf8mb4_unicode_ci NOT NULL,
  `token` varchar(255) COLLATE utf8mb4_unicode_ci NOT NULL,
  `created_at` timestamp NULL DEFAULT NULL
) ENGINE=InnoDB DEFAULT CHARSET=utf8mb4 COLLATE=utf8mb4_unicode_ci;

-- --------------------------------------------------------

--
-- Table structure for table `permissions`
--

CREATE TABLE `permissions` (
  `id` bigint(20) UNSIGNED NOT NULL,
  `key` varchar(255) COLLATE utf8mb4_unicode_ci NOT NULL,
  `table_name` varchar(255) COLLATE utf8mb4_unicode_ci DEFAULT NULL,
  `created_at` timestamp NULL DEFAULT NULL,
  `updated_at` timestamp NULL DEFAULT NULL
) ENGINE=InnoDB DEFAULT CHARSET=utf8mb4 COLLATE=utf8mb4_unicode_ci;

--
-- Dumping data for table `permissions`
--

INSERT INTO `permissions` (`id`, `key`, `table_name`, `created_at`, `updated_at`) VALUES
(1, 'browse_admin', NULL, '2019-04-21 21:59:29', '2019-04-21 21:59:29'),
(2, 'browse_bread', NULL, '2019-04-21 21:59:29', '2019-04-21 21:59:29'),
(3, 'browse_database', NULL, '2019-04-21 21:59:29', '2019-04-21 21:59:29'),
(4, 'browse_media', NULL, '2019-04-21 21:59:29', '2019-04-21 21:59:29'),
(5, 'browse_compass', NULL, '2019-04-21 21:59:29', '2019-04-21 21:59:29'),
(6, 'browse_menus', 'menus', '2019-04-21 21:59:29', '2019-04-21 21:59:29'),
(7, 'read_menus', 'menus', '2019-04-21 21:59:29', '2019-04-21 21:59:29'),
(8, 'edit_menus', 'menus', '2019-04-21 21:59:29', '2019-04-21 21:59:29'),
(9, 'add_menus', 'menus', '2019-04-21 21:59:29', '2019-04-21 21:59:29'),
(10, 'delete_menus', 'menus', '2019-04-21 21:59:29', '2019-04-21 21:59:29'),
(11, 'browse_roles', 'roles', '2019-04-21 21:59:29', '2019-04-21 21:59:29'),
(12, 'read_roles', 'roles', '2019-04-21 21:59:29', '2019-04-21 21:59:29'),
(13, 'edit_roles', 'roles', '2019-04-21 21:59:29', '2019-04-21 21:59:29'),
(14, 'add_roles', 'roles', '2019-04-21 21:59:29', '2019-04-21 21:59:29'),
(15, 'delete_roles', 'roles', '2019-04-21 21:59:29', '2019-04-21 21:59:29'),
(16, 'browse_users', 'users', '2019-04-21 21:59:29', '2019-04-21 21:59:29'),
(17, 'read_users', 'users', '2019-04-21 21:59:29', '2019-04-21 21:59:29'),
(18, 'edit_users', 'users', '2019-04-21 21:59:29', '2019-04-21 21:59:29'),
(19, 'add_users', 'users', '2019-04-21 21:59:29', '2019-04-21 21:59:29'),
(20, 'delete_users', 'users', '2019-04-21 21:59:29', '2019-04-21 21:59:29'),
(21, 'browse_settings', 'settings', '2019-04-21 21:59:29', '2019-04-21 21:59:29'),
(22, 'read_settings', 'settings', '2019-04-21 21:59:29', '2019-04-21 21:59:29'),
(23, 'edit_settings', 'settings', '2019-04-21 21:59:29', '2019-04-21 21:59:29'),
(24, 'add_settings', 'settings', '2019-04-21 21:59:29', '2019-04-21 21:59:29'),
(25, 'delete_settings', 'settings', '2019-04-21 21:59:29', '2019-04-21 21:59:29'),
(41, 'browse_hooks', NULL, '2019-04-21 21:59:30', '2019-04-21 21:59:30'),
(42, 'browse_indikator', 'indikator', '2019-05-20 10:15:37', '2019-05-20 10:15:37'),
(43, 'read_indikator', 'indikator', '2019-05-20 10:15:37', '2019-05-20 10:15:37'),
(44, 'edit_indikator', 'indikator', '2019-05-20 10:15:37', '2019-05-20 10:15:37'),
(45, 'add_indikator', 'indikator', '2019-05-20 10:15:37', '2019-05-20 10:15:37'),
(46, 'delete_indikator', 'indikator', '2019-05-20 10:15:37', '2019-05-20 10:15:37'),
(47, 'browse_baris', 'baris', '2019-05-20 10:31:57', '2019-05-20 10:31:57'),
(48, 'read_baris', 'baris', '2019-05-20 10:31:57', '2019-05-20 10:31:57'),
(49, 'edit_baris', 'baris', '2019-05-20 10:31:57', '2019-05-20 10:31:57'),
(50, 'add_baris', 'baris', '2019-05-20 10:31:57', '2019-05-20 10:31:57'),
(51, 'delete_baris', 'baris', '2019-05-20 10:31:57', '2019-05-20 10:31:57'),
(52, 'browse_kolom', 'kolom', '2019-05-20 10:37:22', '2019-05-20 10:37:22'),
(53, 'read_kolom', 'kolom', '2019-05-20 10:37:22', '2019-05-20 10:37:22'),
(54, 'edit_kolom', 'kolom', '2019-05-20 10:37:22', '2019-05-20 10:37:22'),
(55, 'add_kolom', 'kolom', '2019-05-20 10:37:22', '2019-05-20 10:37:22'),
(56, 'delete_kolom', 'kolom', '2019-05-20 10:37:22', '2019-05-20 10:37:22'),
(57, 'browse_item_subjek', 'item_subjek', '2019-05-20 10:41:24', '2019-05-20 10:41:24'),
(58, 'read_item_subjek', 'item_subjek', '2019-05-20 10:41:24', '2019-05-20 10:41:24'),
(59, 'edit_item_subjek', 'item_subjek', '2019-05-20 10:41:24', '2019-05-20 10:41:24'),
(60, 'add_item_subjek', 'item_subjek', '2019-05-20 10:41:24', '2019-05-20 10:41:24'),
(61, 'delete_item_subjek', 'item_subjek', '2019-05-20 10:41:24', '2019-05-20 10:41:24'),
(62, 'browse_pemeriksaan', 'pemeriksaan', '2019-05-20 10:47:27', '2019-05-20 10:47:27'),
(63, 'read_pemeriksaan', 'pemeriksaan', '2019-05-20 10:47:27', '2019-05-20 10:47:27'),
(64, 'edit_pemeriksaan', 'pemeriksaan', '2019-05-20 10:47:27', '2019-05-20 10:47:27'),
(65, 'add_pemeriksaan', 'pemeriksaan', '2019-05-20 10:47:27', '2019-05-20 10:47:27'),
(66, 'delete_pemeriksaan', 'pemeriksaan', '2019-05-20 10:47:27', '2019-05-20 10:47:27'),
(72, 'browse_subjek', 'subjek', '2019-05-20 10:57:06', '2019-05-20 10:57:06'),
(73, 'read_subjek', 'subjek', '2019-05-20 10:57:06', '2019-05-20 10:57:06'),
(74, 'edit_subjek', 'subjek', '2019-05-20 10:57:06', '2019-05-20 10:57:06'),
(75, 'add_subjek', 'subjek', '2019-05-20 10:57:06', '2019-05-20 10:57:06'),
(76, 'delete_subjek', 'subjek', '2019-05-20 10:57:06', '2019-05-20 10:57:06'),
(77, 'browse_posts', 'posts', '2019-08-09 16:00:02', '2019-08-09 16:00:02'),
(78, 'read_posts', 'posts', '2019-08-09 16:00:02', '2019-08-09 16:00:02'),
(79, 'edit_posts', 'posts', '2019-08-09 16:00:02', '2019-08-09 16:00:02'),
(80, 'add_posts', 'posts', '2019-08-09 16:00:02', '2019-08-09 16:00:02'),
(81, 'delete_posts', 'posts', '2019-08-09 16:00:02', '2019-08-09 16:00:02'),
(82, 'browse_rows', 'rows', '2019-08-24 13:02:39', '2019-08-24 13:02:39'),
(83, 'read_rows', 'rows', '2019-08-24 13:02:39', '2019-08-24 13:02:39'),
(84, 'edit_rows', 'rows', '2019-08-24 13:02:39', '2019-08-24 13:02:39'),
(85, 'add_rows', 'rows', '2019-08-24 13:02:39', '2019-08-24 13:02:39'),
(86, 'delete_rows', 'rows', '2019-08-24 13:02:39', '2019-08-24 13:02:39'),
(87, 'browse_column', 'column', '2019-08-24 13:06:21', '2019-08-24 13:06:21'),
(88, 'read_column', 'column', '2019-08-24 13:06:21', '2019-08-24 13:06:21'),
(89, 'edit_column', 'column', '2019-08-24 13:06:21', '2019-08-24 13:06:21'),
(90, 'add_column', 'column', '2019-08-24 13:06:21', '2019-08-24 13:06:21'),
(91, 'delete_column', 'column', '2019-08-24 13:06:21', '2019-08-24 13:06:21'),
(92, 'browse_columns', 'columns', '2019-08-24 13:08:53', '2019-08-24 13:08:53'),
(93, 'read_columns', 'columns', '2019-08-24 13:08:53', '2019-08-24 13:08:53'),
(94, 'edit_columns', 'columns', '2019-08-24 13:08:53', '2019-08-24 13:08:53'),
(95, 'add_columns', 'columns', '2019-08-24 13:08:53', '2019-08-24 13:08:53'),
(96, 'delete_columns', 'columns', '2019-08-24 13:08:54', '2019-08-24 13:08:54'),
(97, 'browse_templates', 'templates', '2019-08-24 13:18:23', '2019-08-24 13:18:23'),
(98, 'read_templates', 'templates', '2019-08-24 13:18:23', '2019-08-24 13:18:23'),
(99, 'edit_templates', 'templates', '2019-08-24 13:18:23', '2019-08-24 13:18:23'),
(100, 'add_templates', 'templates', '2019-08-24 13:18:23', '2019-08-24 13:18:23'),
(101, 'delete_templates', 'templates', '2019-08-24 13:18:23', '2019-08-24 13:18:23'),
(102, 'browse_verifications', 'verifications', '2019-08-25 02:26:23', '2019-08-25 02:26:23'),
(103, 'read_verifications', 'verifications', '2019-08-25 02:26:23', '2019-08-25 02:26:23'),
(104, 'edit_verifications', 'verifications', '2019-08-25 02:26:23', '2019-08-25 02:26:23'),
(105, 'add_verifications', 'verifications', '2019-08-25 02:26:23', '2019-08-25 02:26:23'),
(106, 'delete_verifications', 'verifications', '2019-08-25 02:26:23', '2019-08-25 02:26:23');

-- --------------------------------------------------------

--
-- Table structure for table `permission_role`
--

CREATE TABLE `permission_role` (
  `permission_id` bigint(20) UNSIGNED NOT NULL,
  `role_id` bigint(20) UNSIGNED NOT NULL
) ENGINE=InnoDB DEFAULT CHARSET=utf8mb4 COLLATE=utf8mb4_unicode_ci;

--
-- Dumping data for table `permission_role`
--

INSERT INTO `permission_role` (`permission_id`, `role_id`) VALUES
(1, 1),
(1, 2),
(1, 3),
(2, 1),
(3, 1),
(4, 1),
(5, 1),
(6, 1),
(7, 1),
(7, 2),
(8, 1),
(9, 1),
(10, 1),
(11, 1),
(12, 1),
(13, 1),
(14, 1),
(15, 1),
(16, 1),
(16, 3),
(17, 1),
(17, 3),
(18, 1),
(18, 3),
(19, 1),
(19, 3),
(20, 1),
(20, 3),
(21, 1),
(22, 1),
(23, 1),
(24, 1),
(25, 1),
(41, 1),
(42, 1),
(43, 1),
(44, 1),
(45, 1),
(46, 1),
(47, 1),
(48, 1),
(49, 1),
(50, 1),
(51, 1),
(52, 1),
(53, 1),
(54, 1),
(55, 1),
(56, 1),
(57, 1),
(58, 1),
(59, 1),
(60, 1),
(61, 1),
(62, 1),
(63, 1),
(64, 1),
(65, 1),
(66, 1),
(72, 1),
(73, 1),
(74, 1),
(75, 1),
(76, 1),
(77, 1),
(77, 3),
(78, 1),
(78, 3),
(79, 1),
(79, 3),
(80, 1),
(80, 3),
(81, 1),
(81, 3),
(82, 1),
(82, 3),
(83, 1),
(83, 3),
(84, 1),
(84, 3),
(85, 1),
(85, 3),
(86, 1),
(86, 3),
(87, 1),
(88, 1),
(89, 1),
(90, 1),
(91, 1),
(92, 1),
(92, 3),
(93, 1),
(93, 3),
(94, 1),
(94, 3),
(95, 1),
(95, 3),
(96, 1),
(96, 3),
(97, 1),
(97, 3),
(98, 1),
(98, 3),
(99, 1),
(99, 2),
(99, 3),
(100, 1),
(100, 2),
(100, 3),
(101, 1),
(101, 3),
(102, 1),
(102, 3),
(103, 1),
(103, 3),
(104, 1),
(104, 3),
(105, 1),
(105, 3),
(106, 1),
(106, 3);

-- --------------------------------------------------------

--
-- Table structure for table `posts`
--

CREATE TABLE `posts` (
  `id` int(10) UNSIGNED NOT NULL,
  `author_id` int(11) NOT NULL,
  `category_id` int(11) DEFAULT NULL,
  `title` varchar(255) COLLATE utf8mb4_unicode_ci NOT NULL,
  `seo_title` varchar(255) COLLATE utf8mb4_unicode_ci DEFAULT NULL,
  `excerpt` text COLLATE utf8mb4_unicode_ci DEFAULT NULL,
  `body` text COLLATE utf8mb4_unicode_ci NOT NULL,
  `image` varchar(255) COLLATE utf8mb4_unicode_ci DEFAULT NULL,
  `slug` varchar(255) COLLATE utf8mb4_unicode_ci NOT NULL,
  `meta_description` text COLLATE utf8mb4_unicode_ci DEFAULT NULL,
  `meta_keywords` text COLLATE utf8mb4_unicode_ci DEFAULT NULL,
  `status` enum('PUBLISHED','DRAFT','PENDING') COLLATE utf8mb4_unicode_ci NOT NULL DEFAULT 'DRAFT',
  `featured` tinyint(1) NOT NULL DEFAULT 0,
  `created_at` timestamp NULL DEFAULT NULL,
  `updated_at` timestamp NULL DEFAULT NULL
) ENGINE=InnoDB DEFAULT CHARSET=utf8mb4 COLLATE=utf8mb4_unicode_ci;

--
-- Dumping data for table `posts`
--

INSERT INTO `posts` (`id`, `author_id`, `category_id`, `title`, `seo_title`, `excerpt`, `body`, `image`, `slug`, `meta_description`, `meta_keywords`, `status`, `featured`, `created_at`, `updated_at`) VALUES
(1, 1, NULL, 'Lorem Ipsum Post', NULL, 'This is the excerpt for the Lorem Ipsum Post', '<p>This is the body of the lorem ipsum post</p>', 'posts/post1.jpg', 'lorem-ipsum-post', 'This is the meta description', 'keyword1, keyword2, keyword3', 'PUBLISHED', 0, '2019-04-21 21:59:29', '2019-04-21 21:59:29'),
(2, 3, NULL, 'My Sample Post', NULL, 'This is the excerpt for the sample Post', '<p>This is the body for the sample post, which includes the body.</p>\n                <h2>We can use all kinds of format!</h2>\n                <p>And include a bunch of other stuff.</p>', 'posts/post2.jpg', 'my-sample-post', 'Meta Description for sample post', 'keyword1, keyword2, keyword3', 'PUBLISHED', 0, '2019-04-21 21:59:29', '2019-04-21 21:59:29'),
(3, 1, NULL, 'Latest Post', NULL, 'This is the excerpt for the latest post', '<p>This is the body for the latest post</p>', 'posts/post3.jpg', 'latest-post', 'This is the meta description', 'keyword1, keyword2, keyword3', 'PUBLISHED', 0, '2019-04-21 21:59:29', '2019-04-21 21:59:29'),
(4, 1, NULL, 'Yarr Post', NULL, 'Reef sails nipperkin bring a spring upon her cable coffer jury mast spike marooned Pieces of Eight poop deck pillage. Clipper driver coxswain galleon hempen halter come about pressgang gangplank boatswain swing the lead. Nipperkin yard skysail swab lanyard Blimey bilge water ho quarter Buccaneer.', '<p>Swab deadlights Buccaneer fire ship square-rigged dance the hempen jig weigh anchor cackle fruit grog furl. Crack Jennys tea cup chase guns pressgang hearties spirits hogshead Gold Road six pounders fathom measured fer yer chains. Main sheet provost come about trysail barkadeer crimp scuttle mizzenmast brig plunder.</p>\n<p>Mizzen league keelhaul galleon tender cog chase Barbary Coast doubloon crack Jennys tea cup. Blow the man down lugsail fire ship pinnace cackle fruit line warp Admiral of the Black strike colors doubloon. Tackle Jack Ketch come about crimp rum draft scuppers run a shot across the bow haul wind maroon.</p>\n<p>Interloper heave down list driver pressgang holystone scuppers tackle scallywag bilged on her anchor. Jack Tar interloper draught grapple mizzenmast hulk knave cable transom hogshead. Gaff pillage to go on account grog aft chase guns piracy yardarm knave clap of thunder.</p>', 'posts/post4.jpg', 'yarr-post', 'this be a meta descript', 'keyword1, keyword2, keyword3', 'PUBLISHED', 0, '2019-04-21 21:59:29', '2019-04-21 21:59:29');

-- --------------------------------------------------------

--
-- Table structure for table `roles`
--

CREATE TABLE `roles` (
  `id` bigint(20) UNSIGNED NOT NULL,
  `name` varchar(255) COLLATE utf8mb4_unicode_ci NOT NULL,
  `display_name` varchar(255) COLLATE utf8mb4_unicode_ci NOT NULL,
  `created_at` timestamp NULL DEFAULT NULL,
  `updated_at` timestamp NULL DEFAULT NULL
) ENGINE=InnoDB DEFAULT CHARSET=utf8mb4 COLLATE=utf8mb4_unicode_ci;

--
-- Dumping data for table `roles`
--

INSERT INTO `roles` (`id`, `name`, `display_name`, `created_at`, `updated_at`) VALUES
(1, 'admin', 'Administrator', '2019-04-21 21:59:29', '2019-04-21 21:59:29'),
(2, 'user', 'Normal User', '2019-04-21 21:59:29', '2019-04-21 21:59:29'),
(3, 'supervisor', 'Supervisor', '2019-05-20 11:22:40', '2019-05-20 11:22:40');

-- --------------------------------------------------------

--
-- Table structure for table `rows`
--

CREATE TABLE `rows` (
  `id` int(10) UNSIGNED NOT NULL,
  `name` varchar(255) COLLATE utf8mb4_unicode_ci NOT NULL,
  `created_at` timestamp NULL DEFAULT NULL,
  `updated_at` timestamp NULL DEFAULT NULL
) ENGINE=InnoDB DEFAULT CHARSET=utf8mb4 COLLATE=utf8mb4_unicode_ci;

--
-- Dumping data for table `rows`
--

INSERT INTO `rows` (`id`, `name`, `created_at`, `updated_at`) VALUES
(1, 'Kabupaten/Kota', '2019-05-31 10:24:22', '2019-08-25 12:53:58'),
(25, 'Jenis Keputusan DPRD', '2019-08-25 13:10:49', '2019-08-25 13:10:49'),
(26, 'Jabatan', '2019-08-25 13:16:36', '2019-08-25 13:16:36'),
(27, 'Tingkat Pendidikan', '2019-08-25 13:19:17', '2019-08-25 13:19:17'),
(28, 'Pangkat/Golongan/Ruang', '2019-08-25 13:23:50', '2019-08-25 13:23:50'),
(29, 'Provinsi', '2019-08-26 02:44:46', '2019-08-26 02:44:46'),
(33, 'Partai Politik', NULL, NULL),
(35, 'Jenis Keputusan', NULL, NULL),
(36, 'Rayon', NULL, NULL),
(37, 'Komoditas', NULL, NULL),
(38, 'Polio', NULL, NULL),
(39, 'Polio', NULL, NULL),
(40, 'DPT', NULL, NULL),
(41, 'BCG', NULL, NULL),
(42, 'Campak', NULL, NULL),
(46, 'Koneks Jaringan FO', NULL, NULL),
(47, 'Jenis Media', NULL, NULL),
(48, 'NAMA PARTAI POLITIK', NULL, NULL),
(49, 'jenis Bangunan menurut fungsi', NULL, NULL),
(50, 'Nomor Pergub', NULL, NULL),
(51, 'Nomor Pergub', NULL, NULL),
(52, 'Nomor Peraturan Daerah', NULL, NULL),
(53, 'Nomor', NULL, NULL),
(54, 'Jenis Peraturan', NULL, NULL),
(55, 'Peraturan', NULL, NULL),
(56, 'Surat', NULL, NULL),
(57, 'ORMAS', NULL, NULL);

-- --------------------------------------------------------

--
-- Table structure for table `row_details`
--

CREATE TABLE `row_details` (
  `id` int(10) UNSIGNED NOT NULL,
  `name` varchar(255) COLLATE utf8mb4_unicode_ci NOT NULL,
  `row_id` int(10) UNSIGNED NOT NULL,
  `created_at` timestamp NULL DEFAULT NULL,
  `updated_at` timestamp NULL DEFAULT NULL
) ENGINE=InnoDB DEFAULT CHARSET=utf8mb4 COLLATE=utf8mb4_unicode_ci;

--
-- Dumping data for table `row_details`
--

INSERT INTO `row_details` (`id`, `name`, `row_id`, `created_at`, `updated_at`) VALUES
(69, 'Majene', 1, '2019-08-25 12:53:58', '2019-08-25 12:53:58'),
(70, 'Polewali Mandar', 1, '2019-08-25 12:53:58', '2019-08-25 12:53:58'),
(71, 'Mamasa', 1, '2019-08-25 12:53:58', '2019-08-25 12:53:58'),
(72, 'Mamuju', 1, '2019-08-25 12:53:58', '2019-08-25 12:53:58'),
(73, 'Pasangkayu', 1, '2019-08-25 12:53:58', '2019-08-25 12:53:58'),
(74, 'Mamuju Tengah', 1, '2019-08-25 12:53:58', '2019-08-25 12:53:58'),
(75, 'Sulawesi Barat', 1, '2019-08-25 12:53:58', '2019-08-25 12:53:58'),
(82, 'Fungsional Tertentu', 26, '2019-08-25 13:16:36', '2019-08-25 13:16:36'),
(83, 'Fungsional Umum', 26, '2019-08-25 13:16:36', '2019-08-25 13:16:36'),
(84, 'Eselon V', 26, '2019-08-25 13:16:36', '2019-08-25 13:16:36'),
(85, 'Eselon IV', 26, '2019-08-25 13:16:36', '2019-08-25 13:16:36'),
(86, 'Eselon III', 26, '2019-08-25 13:16:36', '2019-08-25 13:16:36'),
(87, 'Eselon II', 26, '2019-08-25 13:16:36', '2019-08-25 13:16:36'),
(88, 'Eselon I', 26, '2019-08-25 13:16:36', '2019-08-25 13:16:36'),
(89, 'Total', 26, '2019-08-25 13:16:36', '2019-08-25 13:16:36'),
(90, 'Sampai dengan SD', 27, '2019-08-25 13:19:17', '2019-08-25 13:19:17'),
(91, 'SLTP/Sederajat', 27, '2019-08-25 13:19:17', '2019-08-25 13:19:17'),
(92, 'SMA/Sederajat', 27, '2019-08-25 13:19:17', '2019-08-25 13:19:17'),
(93, 'Diploma I, II', 27, '2019-08-25 13:19:17', '2019-08-25 13:19:17'),
(94, 'Diploma III', 27, '2019-08-25 13:19:17', '2019-08-25 13:19:17'),
(95, 'Diploma IV, Sarjana, Magister, Doktor', 27, '2019-08-25 13:19:17', '2019-08-25 13:19:17'),
(96, 'Total', 27, '2019-08-25 13:19:17', '2019-08-25 13:19:17'),
(97, 'I/A (Juru Muda)', 28, '2019-08-25 13:23:50', '2019-08-25 13:23:50'),
(98, 'I/B (Juru Muda Tk. I)', 28, '2019-08-25 13:23:50', '2019-08-25 13:23:50'),
(99, 'I/C (Juru)', 28, '2019-08-25 13:23:50', '2019-08-25 13:23:50'),
(100, 'I/D (Juru Tk. I)', 28, '2019-08-25 13:23:50', '2019-08-25 13:23:50'),
(101, 'II/A (Pengatur Muda)', 28, '2019-08-25 13:23:50', '2019-08-25 13:23:50'),
(102, 'II/B (Pengatur Muda Tk. I)', 28, '2019-08-25 13:23:50', '2019-08-25 13:23:50'),
(103, 'II/C (Pengatur)', 28, '2019-08-25 13:23:50', '2019-08-25 13:23:50'),
(104, 'II/D (Pengatur Tk. I)', 28, '2019-08-25 13:23:50', '2019-08-25 13:23:50'),
(105, 'III/A (Penata Muda)', 28, '2019-08-25 13:23:50', '2019-08-25 13:23:50'),
(106, 'III/B (Penata Muda Tk. I)', 28, '2019-08-25 13:23:50', '2019-08-25 13:23:50'),
(107, 'III/C (Penata)', 28, '2019-08-25 13:23:50', '2019-08-25 13:23:50'),
(108, 'III/D (Penata Tk. I)', 28, '2019-08-25 13:23:50', '2019-08-25 13:23:50'),
(109, 'IV/A (Pembina)', 28, '2019-08-25 13:23:50', '2019-08-25 13:23:50'),
(110, 'IV/B (Pembina Tk. I)', 28, '2019-08-25 13:23:50', '2019-08-25 13:23:50'),
(111, 'IV/C (Pembina Utama Muda)', 28, '2019-08-25 13:23:50', '2019-08-25 13:23:50'),
(112, 'IV/D (Pembina Utama Madya)', 28, '2019-08-25 13:23:50', '2019-08-25 13:23:50'),
(113, 'IV/E (Pembina Utama)', 28, '2019-08-25 13:23:50', '2019-08-25 13:23:50'),
(114, 'Total', 28, '2019-08-25 13:23:50', '2019-08-25 13:23:50'),
(115, 'Sulawesi Barat', 29, '2019-08-26 02:44:46', '2019-08-26 02:44:46'),
(150, 'Peraturan Daerah', 35, '2019-10-09 09:01:49', '2019-10-09 09:01:49'),
(151, 'Keputusan Pimpinan DPRD', 35, '2019-10-09 09:01:49', '2019-10-09 09:01:49'),
(152, 'Keputusan DPRD', 35, '2019-10-09 09:01:49', '2019-10-09 09:01:49'),
(153, 'Persetujuan DPRD', 35, '2019-10-09 09:01:49', '2019-10-09 09:01:49'),
(154, 'Persetujuan DPRD tentang perubahan tata tertib', 35, '2019-10-09 09:01:49', '2019-10-09 09:01:49'),
(155, 'Penerimaan Aspirasi', 35, '2019-10-09 09:01:49', '2019-10-09 09:01:49'),
(156, 'Manakarra', 36, '2019-10-09 09:48:53', '2019-10-09 09:48:53'),
(157, 'Pasangkayu', 36, '2019-10-09 09:48:53', '2019-10-09 09:48:53'),
(158, 'Majene', 36, '2019-10-09 09:48:53', '2019-10-09 09:48:53'),
(159, 'Wonomulyo', 36, '2019-10-09 09:48:53', '2019-10-09 09:48:53'),
(160, 'Polewali', 36, '2019-10-09 09:48:53', '2019-10-09 09:48:53'),
(161, 'Mamasa', 36, '2019-10-09 09:48:53', '2019-10-09 09:48:53'),
(162, 'Sulawesi Barat', 36, '2019-10-09 09:48:53', '2019-10-09 09:48:53'),
(163, 'Logam', 37, '2019-10-09 10:04:32', '2019-10-09 10:04:32'),
(164, 'Non Logam', 37, '2019-10-09 10:04:32', '2019-10-09 10:04:32'),
(165, 'Batu Bara', 37, '2019-10-09 10:04:32', '2019-10-09 10:04:32'),
(166, 'Batuan', 37, '2019-10-09 10:04:32', '2019-10-09 10:04:32'),
(167, 'Jumlah', 37, '2019-10-09 10:04:32', '2019-10-09 10:04:32'),
(168, '1', 38, '2019-10-09 10:20:01', '2019-10-09 10:20:01'),
(169, '2', 38, '2019-10-09 10:20:01', '2019-10-09 10:20:01'),
(170, '3', 38, '2019-10-09 10:20:01', '2019-10-09 10:20:01'),
(171, '1', 38, '2019-10-09 10:20:12', '2019-10-09 10:20:12'),
(172, '2', 38, '2019-10-09 10:20:12', '2019-10-09 10:20:12'),
(173, '3', 38, '2019-10-09 10:20:12', '2019-10-09 10:20:12'),
(174, '4', 38, '2019-10-09 10:20:12', '2019-10-09 10:20:12'),
(175, '1', 40, '2019-10-09 10:20:33', '2019-10-09 10:20:33'),
(176, '2', 40, '2019-10-09 10:20:33', '2019-10-09 10:20:33'),
(177, '3+', 40, '2019-10-09 10:20:33', '2019-10-09 10:20:33'),
(178, 'BCG', 41, '2019-10-09 10:20:54', '2019-10-09 10:20:54'),
(179, 'Campak', 42, '2019-10-09 10:21:04', '2019-10-09 10:21:04'),
(180, 'Partai Nasional Demokrat', 33, '2019-10-09 11:02:18', '2019-10-09 11:02:18'),
(181, 'Partai Kebangkitan Bangsa', 33, '2019-10-09 11:02:18', '2019-10-09 11:02:18'),
(182, 'Partai Keadilan Sejahtera', 33, '2019-10-09 11:02:18', '2019-10-09 11:02:18'),
(183, 'Partai Demokrasi Indonesia Perjuangan', 33, '2019-10-09 11:02:18', '2019-10-09 11:02:18'),
(184, 'Partai Golongan Karya', 33, '2019-10-09 11:02:18', '2019-10-09 11:02:18'),
(185, 'Partai Gerakan Indonesia Raya', 33, '2019-10-09 11:02:18', '2019-10-09 11:02:18'),
(186, 'Partai Nasional Demokrat', 33, '2019-10-09 11:02:18', '2019-10-09 11:02:18'),
(187, 'Partai Amanat Nasional', 33, '2019-10-09 11:02:18', '2019-10-09 11:02:18'),
(188, 'Partai Persatuan Pembangunan', 33, '2019-10-09 11:02:18', '2019-10-09 11:02:18'),
(189, 'Partai Hati Nurani Rakyat', 33, '2019-10-09 11:02:18', '2019-10-09 11:02:18'),
(190, 'Partai Keadilan dan Persatuan Indonesia', 33, '2019-10-09 11:02:18', '2019-10-09 11:02:18'),
(191, 'Total di Sulawesi Barat', 33, '2019-10-09 11:02:18', '2019-10-09 11:02:18'),
(192, 'Peraturan Daerah', 25, '2019-10-09 11:18:45', '2019-10-09 11:18:45'),
(193, 'Keputusan Pimpinan DPRD', 25, '2019-10-09 11:18:45', '2019-10-09 11:18:45'),
(194, 'Keputusan DPRD', 25, '2019-10-09 11:18:45', '2019-10-09 11:18:45'),
(195, 'Persetujuan DPRD', 25, '2019-10-09 11:18:45', '2019-10-09 11:18:45'),
(196, 'Persetujuan DPRD Tentang Perubahan Tata Tertib', 25, '2019-10-09 11:18:45', '2019-10-09 11:18:45'),
(197, 'Penerimaan Aspirasi', 25, '2019-10-09 11:18:45', '2019-10-09 11:18:45'),
(201, 'OPD', 46, '2019-11-22 16:08:10', '2019-11-22 16:08:10'),
(202, 'UPTD', 46, '2019-11-22 16:08:10', '2019-11-22 16:08:10'),
(203, 'Rumah Jabatan', 46, '2019-11-22 16:08:10', '2019-11-22 16:08:10'),
(204, 'Media Cetak dan Online', 47, '2019-11-22 16:30:10', '2019-11-22 16:30:10'),
(205, 'Media Online', 47, '2019-11-22 16:30:10', '2019-11-22 16:30:10'),
(206, 'Media Eletronik', 47, '2019-11-22 16:30:10', '2019-11-22 16:30:10'),
(207, 'Media Cetak/Harian', 47, '2019-11-22 16:30:11', '2019-11-22 16:30:11'),
(208, 'Media Cetak/Mingguan', 47, '2019-11-22 16:30:11', '2019-11-22 16:30:11'),
(209, 'Media Cetak/Bulanan', 47, '2019-11-22 16:30:11', '2019-11-22 16:30:11'),
(210, 'Media Online/Bulanan', 47, '2019-11-22 16:30:11', '2019-11-22 16:30:11'),
(227, 'PARTAI KEBANGKITAN BANGSA', 48, '2019-11-28 11:04:33', '2019-11-28 11:04:33'),
(228, 'PARTAI GERINDRA', 48, '2019-11-28 11:04:33', '2019-11-28 11:04:33'),
(229, 'PDI PERJUANGAN', 48, '2019-11-28 11:04:33', '2019-11-28 11:04:33'),
(230, 'PARTAI GOLKAR', 48, '2019-11-28 11:04:33', '2019-11-28 11:04:33'),
(231, 'PARTAI NASDEM', 48, '2019-11-28 11:04:33', '2019-11-28 11:04:33'),
(232, 'PARTAI GARUDA', 48, '2019-11-28 11:04:33', '2019-11-28 11:04:33'),
(233, 'PARTAI BERKARYA', 48, '2019-11-28 11:04:33', '2019-11-28 11:04:33'),
(234, 'PARTAI KEADILAN SEJAHTERA', 48, '2019-11-28 11:04:33', '2019-11-28 11:04:33'),
(235, 'PARTAI PERINDO', 48, '2019-11-28 11:04:33', '2019-11-28 11:04:33'),
(236, 'PARTAI PERSATUAN PEMBANGUNAN', 48, '2019-11-28 11:04:33', '2019-11-28 11:04:33'),
(237, 'PARTAI SOLIDERITAS INDONESIA', 48, '2019-11-28 11:04:33', '2019-11-28 11:04:33'),
(238, 'PARTAI AMANAT NASIONAL', 48, '2019-11-28 11:04:33', '2019-11-28 11:04:33'),
(239, 'PARTAI HANURA', 48, '2019-11-28 11:04:33', '2019-11-28 11:04:33'),
(240, 'PARTAI DEMOKRAT', 48, '2019-11-28 11:04:33', '2019-11-28 11:04:33'),
(241, 'PARTAI BULAN BINTANG', 48, '2019-11-28 11:04:33', '2019-11-28 11:04:33'),
(242, 'PARTAI KEADILAN PERSATUAN INDONESIA', 48, '2019-11-28 11:04:33', '2019-11-28 11:04:33'),
(243, 'Kualifikasi Bangunan', 49, '2019-11-28 21:04:54', '2019-11-28 21:04:54'),
(244, 'Peraturan Daerah', 53, '2019-12-04 15:52:08', '2019-12-04 15:52:08'),
(246, 'Daerah', 54, '2019-12-04 16:21:22', '2019-12-04 16:21:22'),
(247, 'Gubernur', 55, '2019-12-04 16:23:30', '2019-12-04 16:23:30'),
(248, 'Keputusan Gubernur', 56, '2019-12-04 16:29:46', '2019-12-04 16:29:46'),
(251, 'NAMA DAN SINGKATAN', 57, '2019-12-05 10:17:16', '2019-12-05 10:17:16');

-- --------------------------------------------------------

--
-- Table structure for table `settings`
--

CREATE TABLE `settings` (
  `id` int(10) UNSIGNED NOT NULL,
  `key` varchar(255) COLLATE utf8mb4_unicode_ci NOT NULL,
  `display_name` varchar(255) COLLATE utf8mb4_unicode_ci NOT NULL,
  `value` text COLLATE utf8mb4_unicode_ci DEFAULT NULL,
  `details` text COLLATE utf8mb4_unicode_ci DEFAULT NULL,
  `type` varchar(255) COLLATE utf8mb4_unicode_ci NOT NULL,
  `order` int(11) NOT NULL DEFAULT 1,
  `group` varchar(255) COLLATE utf8mb4_unicode_ci DEFAULT NULL
) ENGINE=InnoDB DEFAULT CHARSET=utf8mb4 COLLATE=utf8mb4_unicode_ci;

--
-- Dumping data for table `settings`
--

INSERT INTO `settings` (`id`, `key`, `display_name`, `value`, `details`, `type`, `order`, `group`) VALUES
(1, 'site.title', 'Site Title', 'Bank Data', '', 'text', 1, 'Site'),
(2, 'site.description', 'Site Description', 'Sulawesi Barat', '', 'text', 2, 'Site'),
(3, 'site.logo', 'Site Logo', 'settings\\April2019\\zBsgfrUjn8yCMdIDPnCX.png', '', 'image', 3, 'Site'),
(4, 'site.google_analytics_tracking_id', 'Google Analytics Tracking ID', NULL, '', 'text', 4, 'Site'),
(5, 'admin.bg_image', 'Admin Background Image', 'settings\\April2019\\n6FHqU7gnsM7a9g6o3zk.jpg', '', 'image', 5, 'Admin'),
(6, 'admin.title', 'Admin Title', 'Bankdata 3.0 Alpha', '', 'text', 1, 'Admin'),
(7, 'admin.description', 'Admin Description', 'Bankdata Pembangunan Provinsi Sulawesi Barat', '', 'text', 2, 'Admin'),
(8, 'admin.loader', 'Admin Loader', '', '', 'image', 3, 'Admin'),
(9, 'admin.icon_image', 'Admin Icon Image', 'settings\\April2019\\GQiV9ARJwW1Sgbp1HnJl.png', '', 'image', 4, 'Admin'),
(10, 'admin.google_analytics_client_id', 'Google Analytics Client ID (used for admin dashboard)', NULL, '', 'text', 1, 'Admin');

-- --------------------------------------------------------

--
-- Table structure for table `templates`
--

CREATE TABLE `templates` (
  `id` int(10) UNSIGNED NOT NULL,
  `name` varchar(255) COLLATE utf8mb4_unicode_ci NOT NULL,
  `row_id` int(10) UNSIGNED NOT NULL,
  `column_id` longtext CHARACTER SET utf8mb4 COLLATE utf8mb4_bin DEFAULT NULL,
  `number_of_tables` int(11) NOT NULL DEFAULT 0,
  `assign` int(10) UNSIGNED DEFAULT NULL,
  `main` tinyint(1) NOT NULL,
  `created_at` timestamp NULL DEFAULT NULL,
  `updated_at` timestamp NULL DEFAULT NULL
) ENGINE=InnoDB DEFAULT CHARSET=utf8mb4 COLLATE=utf8mb4_unicode_ci;

--
-- Dumping data for table `templates`
--

INSERT INTO `templates` (`id`, `name`, `row_id`, `column_id`, `number_of_tables`, `assign`, `main`, `created_at`, `updated_at`) VALUES
(2, 'Jumlah Keputusan Pada Dewan Perwakilan Rakyat Daerah Provinsi Menurut Jenis Keputusan di Provinsi Sulawesi Barat', 25, '[\"168\",\"169\",\"170\",\"171\",\"172\"]', 1, 29, 0, '2019-08-25 13:11:50', '2019-11-25 14:37:27'),
(3, 'Jumlah Pegawai Negeri Sipil Menurut Jabatan dan Jenis Kelamin di Provinsi Sulawesi Barat', 26, '[\"1\"]', 1, 30, 1, '2019-08-25 13:17:31', '2019-11-25 13:57:42'),
(4, 'Jumlah Pegawai Negeri Sipil Menurut Tingkat Pendidikan dan Jenis Kelamin di Provinsi Sulawesi Barat', 27, '[\"1\"]', 1, 30, 1, '2019-08-25 13:20:00', '2019-11-25 14:25:07'),
(5, 'Jumlah Pegawai Negeri Sipil Menurut Tingkat Kepangkatan dan Jenis Kelamin di Provinsi Sulawesi Barat', 28, '[\"1\"]', 1, 30, 1, '2019-08-25 13:24:52', '2019-11-25 14:41:40'),
(6, 'Jumlah Lembaga Penyiaran Menurut Kabupaten di Privonsi Sulawesi Barat', 1, '[\"2\"]', 0, 23, 1, '2019-08-25 13:34:09', '2019-08-25 13:34:09'),
(7, 'Jumlah Kecamatan yang Memiliki Pusat Layanan Informasi Internet Kecamatan (PLIK) Menurut Kabupaten di Provinsi Sulawesi Barat', 1, '[\"3\"]', 0, 23, 1, '2019-08-25 13:36:14', '2019-08-25 13:36:14'),
(8, 'Panjang Jalan Menurut Kabupaten dan Tingkat Kewenangan Pemerintahan di Provinsi Sulawesi Barat (km)', 1, '[\"4\"]', 1, 15, 1, '2019-08-25 13:39:10', '2019-10-09 11:25:27'),
(9, 'Jumlah Siswa, Tenaga Pendidik, dan Rasio Tenaga Pendidik - Siswa SMA di Provinsi Sulawesi Barat', 1, '[\"5\",\"6\",\"7\"]', 1, 21, 1, '2019-08-26 00:55:25', '2019-11-27 12:02:02'),
(10, 'Jumlah Siswa, Tenaga Pendidik, dan Rasio Tenaga Pendidik - Siswa SMK di Provinsi Sulawesi Barat', 1, '[\"5\",\"6\",\"7\"]', 1, 21, 1, '2019-08-26 00:57:19', '2019-11-27 11:50:39'),
(11, 'Jumlah Penduduk Menurut Kelompok Usia di Provinsi Sulawesi Barat', 1, '[\"8\"]', 2, 10, 0, '2019-08-26 01:00:37', '2019-11-29 16:04:23'),
(12, 'Jumlah Penduduk Menurut Kelompok Umur di Provinsi Sulawesi Barat', 1, '[\"9\"]', 1, 10, 0, '2019-08-26 01:04:52', '2019-10-09 08:59:41'),
(13, 'Jumlah Penduduk Menurut Tingkat Pendidikan Sekolah Dasar (SD) yang Ditamatkan di Provinsi Sulawesi Barat', 1, '[\"10\",\"11\"]', 1, 10, 0, '2019-08-26 01:12:07', '2019-10-09 09:03:40'),
(14, 'Jumlah Penduduk Menurut Tingkat Pendidikan Sekolah Menengah Pertama (SMP) yang Ditamatkan di Provinsi Sulawesi Barat', 1, '[\"10\",\"11\"]', 1, 10, 0, '2019-08-26 01:39:19', '2019-10-09 09:06:25'),
(15, 'Jumlah Penduduk Menurut Tingkat Pendidikan Sekolah Menengah Atas (SMA) yang Ditamatkan di Provinsi Sulawesi Barat', 1, '[\"10\",\"11\"]', 1, 10, 0, '2019-08-26 01:40:46', '2019-10-09 09:08:05'),
(16, 'Jumlah Penduduk Menurut Tingkat Pendidikan Perguruan Tinggi di Provinsi Sulawesi Barat', 1, '[\"12\",\"13\",\"14\",\"15\"]', 1, 10, 0, '2019-08-26 01:45:15', '2019-10-09 09:12:29'),
(17, 'Jumlah Penduduk Berdasarkan Status Perkawinan dan Jumlah Rumah Tangga di Provinsi Sulawesi Barat', 1, '[\"16\"]', 1, 10, 0, '2019-08-26 01:47:27', '2019-10-09 09:15:59'),
(18, 'Jumlah Penduduk Menurut Agama di Provinsi Sulawesi Barat', 1, '[\"17\",\"18\",\"19\",\"20\",\"21\",\"22\"]', 0, 10, 0, '2019-08-26 01:55:14', '2019-08-26 01:55:14'),
(19, 'Jumlah Migrasi Penduduk di Provinsi Sulawesi Barat', 1, '[\"23\"]', 1, 10, 0, '2019-08-26 01:59:02', '2019-10-09 09:20:07'),
(20, 'Jumlah Penduduk yang Memiliki E-KTP di Provinsi Sulawesi Barat', 1, '[\"24\",\"25\"]', 2, 10, 0, '2019-08-26 02:05:35', '2019-11-25 14:24:28'),
(21, 'BIMBINGAN TEKNIS DAN SUPERVISI PENGELOLAAN ARSIP DINAMIS PROVINSI SULAWESI BARAT', 29, '[\"28\",\"29\"]', 1, 3, 0, '2019-08-26 02:47:49', '2019-08-26 02:49:10'),
(22, 'PRODUKSI KOMODITAS PANGAN DI PROVINSI SULAWESI BARAT', 1, '[\"30\",\"31\"]', 0, 31, 0, '2019-08-26 08:04:36', '2019-08-26 08:10:16'),
(23, 'KETERSEDIAAN DAN RATA-RATA KONSUMSI ENERGI & PROTEIN DI PROVINSI SULAWESI BARAT TAHUN 2018', 1, '[\"32\",\"33\"]', 0, 31, 0, '2019-08-26 08:19:49', '2019-08-26 08:19:49'),
(24, 'PERGUDANGAN DI PROVINSI SULAWESI BARAT', 1, '[\"34\",\"35\"]', 0, 31, 0, '2019-08-26 08:40:13', '2019-08-26 08:40:13'),
(25, 'KONSUMSI PENDUDUK TERHADAP KELOMPOK BAHAN DAN PANGAN DI PROVINSI SULAWESI BARAT', 1, '[\"36\",\"37\",\"38\",\"39\",\"40\",\"41\",\"42\",\"43\"]', 0, 31, 0, '2019-08-26 08:54:23', '2019-08-26 08:54:23'),
(27, 'ANGKATAN KERJA DI PROVINSI SULAWESI BARAT', 1, '[\"44\",\"49\",\"51\"]', 1, 20, 0, '2019-08-28 05:31:47', '2019-08-28 05:34:59'),
(30, 'PEKERJA BERDASAR TINGKAT PENDIDIKAN DI PROVINSI SULAWESI BARAT', 1, '[\"52\",\"53\",\"54\",\"55\",\"56\",\"57\",\"58\",\"62\"]', 1, 20, 0, '2019-08-28 05:58:33', '2019-08-28 06:02:24'),
(31, 'Luas Panen, Produksi, dan Produktivitas Padi Sawah dan Padi Ladang Menurut Kabupaten/Kota di Provinsi Sulawesi Barat', 1, '[\"63\",\"64\"]', 0, 19, 0, '2019-10-09 08:40:33', '2019-10-09 08:40:33'),
(32, 'Jumlah Anggota Dewan Perwakilan Rakyat Daerah Provinsi Menurut Kabupaten Daerah Pemilihan dan Jenis Kelamin di Provinsi Sulawesi Barat', 1, NULL, 0, 29, 0, '2019-10-09 09:06:28', '2019-10-09 09:06:28'),
(33, 'Jumlah Anggota Dewan Perwakilan Rakyat Daerah Provinsi Menurut Partai dan Tingkat Pendidikan di Provinsi Sulawesi Barat', 33, '[\"66\"]', 1, 29, 0, '2019-10-09 09:10:54', '2019-10-09 11:06:48'),
(34, 'Jumlah Anggota Dewan Perwakilan Rakyat Daerah Kabupaten Menurut Kabupaten dan Jenis Kelamin di Provinsi Sulawesi Barat', 1, '[\"65\"]', 1, 29, 0, '2019-10-09 09:12:15', '2019-10-09 11:18:12'),
(35, 'Jumlah Sekolah, Guru, dan Murid Sekolah Menengah Pertama (SMP) di Bawah Kementerian Pendidikan dan Kebudayaan Menurut Kabupaten di Provinsi Sulawesi Barat', 1, '[\"68\",\"71\",\"72\"]', 0, 21, 0, '2019-10-09 09:40:10', '2019-10-09 09:40:10'),
(36, 'Jumlah Sekolah, Guru, dan Murid Sekolah Menengah Kejuruan (SMK) di Bawah Kementerian Pendidikan dan Kebudayaan Menurut Kabupaten di Provinsi Sulawesi Barat', 1, '[\"68\",\"71\",\"72\"]', 0, 21, 0, '2019-10-09 09:42:10', '2019-10-09 09:42:10'),
(37, 'Luas Lahan Kritis Pada Kawasan Hutan dan Bukan Kawasan Hutan Menurut Kabupaten/Kota dan Tingkat Kekritisan Lahan di Provinsi Sulawesi Barat (Hektare)', 1, '[\"69\",\"70\"]', 1, 25, 0, '2019-10-09 09:44:48', '2019-10-09 11:38:48'),
(38, 'Jumlah Tenaga Kesehatan Menurut Kabupaten di Provinsi Sulawesi Barat', 1, '[\"73\"]', 2, 22, 0, '2019-10-09 09:45:39', '2019-11-25 14:30:43'),
(39, 'Jumlah Kasus Penyakit Menurut Kabupaten dan Jenis Penyakit di Provinsi Sulawesi Barat', 1, '[\"74\"]', 1, 22, 0, '2019-10-09 09:50:21', '2019-10-09 12:11:27'),
(40, 'Daya Terpasang, Produksi, dan Distribusi Listrik PT. PLN (Persero) pada Cabang/Ranting PLN Menurut Kabupaten di Provinsi Sulawesi Barat', 36, '[\"75\",\"76\",\"77\",\"78\",\"79\"]', 1, 33, 0, '2019-10-09 09:56:28', '2019-10-09 11:54:36'),
(41, 'Jumlah Klinik Keluarga Berencana (KKB) dan Pos Pelayanan Keluarga Berencana Desa (PPKBD) Menurut Kabupaten di Provinsi Sulawesi Barat', 1, '[\"80\"]', 1, 38, 0, '2019-10-09 10:03:45', '2019-10-09 12:40:20'),
(42, 'Produksi Perikanan Tangkap Menurut Kabupaten dan Jenis Penangkapan di Provinsi Sulawesi Barat', 1, '[\"81\",\"82\",\"83\"]', 1, 26, 0, '2019-10-09 10:04:51', '2019-10-09 11:46:04'),
(43, 'Banyaknya Izin Usaha Pertambangan (IUP) dan Luas Wilayah Izin Usaha Pertambangan (WIUP) Mineral dan Batubara Menurut Jenis Komoditas di Provinsi Sulawesi Barat', 37, '[\"88\",\"89\"]', 1, 34, 0, '2019-10-09 10:07:55', '2019-10-09 11:52:23'),
(44, 'Jumlah Objek Wisata Menurut Kabupaten di Provinsi Sulawesi Barat', 1, '[\"102\"]', 1, 27, 0, '2019-10-09 10:23:28', '2019-10-09 11:48:46'),
(46, 'Jumlah Kendaraan Bermotor Menurut Kabupaten dan Jenis Kendaraan (unit) di Provinsi Sulawesi Barat', 1, '[\"115\"]', 1, 36, 0, '2019-10-09 10:42:09', '2019-10-09 11:41:22'),
(47, 'Panjang Jalan Menurut Kabupaten dan Jenis Permukaan Jalan di Provinsi Sulawesi Barat (km)', 1, '[\"117\"]', 1, 15, 0, '2019-10-09 10:54:35', '2019-10-09 11:27:39'),
(48, 'Panjang Jalan Menurut Kabupaten dan Kondisi Jalan di Provinsi Sulawesi Barat (km)', 1, '[\"118\"]', 1, 15, 0, '2019-10-09 10:57:11', '2019-10-09 11:31:31'),
(49, 'Sarana dan Prasarana Keamanan dan Ketertiban Umum di Provinsi Sulawesi Barat', 1, '[\"112\",\"113\",\"114\"]', 1, 13, 0, '2019-10-09 10:58:05', '2019-10-09 11:16:13'),
(50, 'Jumlah Terminal Menurut Tipe Terminal dan Kabupaten di Provinsi Sulawesi Barat', 1, '[\"119\"]', 1, 7, 0, '2019-10-09 10:59:43', '2019-10-09 11:22:00'),
(52, 'Nilai Wesel yang Dikirim dan Diterima di PT. Pos Indonesia Dirinci Menurut Kabupaten di Provinsi Sulawesi Barat (Rupiah)', 1, '[\"122\"]', 1, 37, 0, '2019-10-09 11:04:03', '2019-10-09 11:15:27'),
(53, 'Jumlah Barang yang Dikirim dan Diterima di PT. Pos Indonesia Dirinci Menurut Kabupaten di Provinsi Sulawesi Barat (ton)', 1, '[\"121\"]', 1, 37, 0, '2019-10-09 11:04:54', '2019-10-09 11:18:33'),
(54, 'Jumlah Surat yang Dikirim dan Diterima di PT. Pos Indonesia Dirinci Menurut Kabupaten di Provinsi Sulawesi Barat', 1, '[\"120\"]', 1, 37, 0, '2019-10-09 11:05:31', '2019-10-09 11:19:22'),
(55, 'Jumlah Penerima Bantuan (Kepala Keluarga) dan Anggaran Bantuan Sosial Pangan Menurut Kabupaten di Provinsi Sulawesi Barat', 1, '[\"125\",\"126\"]', 1, 12, 0, '2019-10-09 11:09:26', '2019-10-09 11:49:09'),
(56, 'Jumlah Penyandang Masalah Kesejahteraan Sosial Menurut Kabupaten di Provinsi Sulawesi Barat', 1, '[\"127\"]', 1, 12, 0, '2019-10-09 11:11:22', '2019-10-09 11:53:59'),
(57, 'Jumlah Kelompok Usaha Bersama yang Mendapat Bantuan dari Dinas Sosial Menurut Kabupaten di Provinsi Sulawesi Barat', 1, '[\"129\"]', 1, 12, 0, '2019-10-09 11:14:21', '2019-10-09 11:57:23'),
(58, 'Produksi Perikanan Budidaya Menurut Kabupaten dan Jenis Budidaya di Provinsi Sulawesi Barat (ton)', 1, '[\"90\",\"91\",\"92\",\"93\",\"94\",\"95\",\"96\",\"97\",\"98\",\"99\",\"100\",\"101\",\"128\"]', 1, 26, 0, '2019-10-09 11:19:23', '2019-10-09 11:54:03'),
(59, 'Jumlah Karang Taruna Menurut Kabupaten dan Kondisi di Provinsi Sulawesi Barat', 1, '[\"130\"]', 1, 12, 0, '2019-10-09 11:22:02', '2019-10-09 12:01:09'),
(60, 'Jumlah Penduduk Menurut Kabupaten dan Agama yang Dianut di Provinsi Sulawesi Barat', 1, '[\"134\"]', 0, 32, 0, '2019-10-09 11:30:05', '2019-10-09 11:30:05'),
(61, 'Biro Wisata, Agen Perjalanan Wisata dan Pemandu Wisata di Provinsi Sulawesi Barat', 1, '[\"132\",\"133\"]', 2, 27, 0, '2019-10-09 11:31:13', '2019-11-25 14:19:13'),
(62, 'Jumlah Tempat Peribadatan Menurut Kabupaten di Sulawesi Barat', 1, '[\"135\"]', 0, 32, 0, '2019-10-09 11:32:14', '2019-10-09 11:32:14'),
(63, 'Jenis Usaha Jasa Makanan/Minuman di Provinsi Sulawesi Barat', 1, '[\"136\"]', 1, 27, 0, '2019-10-09 11:35:19', '2019-10-09 11:44:08'),
(64, 'Penerimaan Daerah Dari Pariwisata di Provinsi Sulawesi Barat', 1, '[\"137\"]', 1, 27, 0, '2019-10-09 11:52:35', '2019-10-09 12:08:22'),
(65, 'Jumlah Pasangan Usia Subur dan Peserta KB Aktif Menurut Kabupaten di Provinsi Sulawesi Barat', 1, '[\"138\",\"139\"]', 1, 38, 0, '2019-10-09 12:00:42', '2019-10-09 12:42:03'),
(66, 'Jumlah Rumah Tangga Perikanan Budidaya Menurut Kabupaten dan Jenis Budidaya di Provinsi Sulawesi Barat', 1, '[\"142\"]', 1, 26, 0, '2019-10-09 12:04:02', '2019-10-09 12:09:21'),
(67, 'Produksi Daging Unggas Menurut Kabupaten dan Jenis Unggas di Provinsi Sulawesi Barat (kg)', 1, '[\"140\"]', 1, 19, 0, '2019-10-09 12:04:02', '2019-10-09 12:17:01'),
(69, 'Produksi Daging Ternak Menurut Kabupaten dan Jenis Ternak di Provinsi Sulawesi Barat (kg)', 1, '[\"143\"]', 1, 19, 0, '2019-10-09 12:06:31', '2019-10-09 12:28:09'),
(70, 'Populasi Unggas Menurut Kabupaten dan Jenis Unggas di Provinsi Sulawesi Barat (ekor)', 1, '[\"140\"]', 1, 19, 0, '2019-10-09 12:07:58', '2019-10-09 12:30:21'),
(72, 'Populasi Ternak Sapi dan Kerbau Menurut Kabupaten dan Jenis Ternak di Provinsi Sulawesi Barat (ekor)', 1, '[\"144\",\"145\"]', 1, 19, 0, '2019-10-09 12:12:00', '2019-10-09 12:43:46'),
(73, 'Luas Areal Tanaman Perkebunan Menurut Kabupaten dan Jenis Tanaman di Provinsi Sulawesi Barat (ha)', 1, '[\"147\"]', 1, 19, 0, '2019-10-09 12:18:53', '2019-10-09 12:30:20'),
(74, 'Jumlah Desa/Kelurahan yang Belum Mendapat Sambungan Listrik di Provinsi Sulawesi Barat', 1, '[\"146\",\"148\"]', 1, 34, 0, '2019-10-09 12:20:31', '2019-10-09 12:33:02'),
(76, 'Persentase Balita Yang Pernah Mendapat Imunisasi Menurut Kabupaten dan Jenis Imunisasi di Provinsi Sulawesi Barat', 1, '[\"108\",\"109\",\"110\",\"111\"]', 1, 22, 0, '2019-10-09 12:33:11', '2019-10-09 12:36:58'),
(77, 'Produksi Perkebunan Menurut Kabupaten dan Jenis Tanaman di Sulawesi Barat (ton)', 1, '[\"147\"]', 1, 19, 0, '2019-10-09 12:35:20', '2019-10-09 12:42:25'),
(78, 'Populasi Ternak Lainnya Menurut Kabupaten dan Jenis Ternak di Provinsi Sulawesi Barat (ekor)', 1, '[\"149\"]', 1, 19, 0, '2019-10-09 12:38:59', '2019-10-09 12:41:40'),
(79, 'Luas Tanaman Perkebunan yang Menghasilkan Menurut Kabupaten dan Jenis Tanaman di Provinsi Sulawesi Barat (hektar)', 1, '[\"147\"]', 1, 19, 0, '2019-10-09 12:45:48', '2019-10-09 12:51:03'),
(80, 'Produktivitas Tanaman Perkebunan yang Menghasilkan Menurut Kabupaten dan Jenis Tanaman di Provinsi Sulawesi Barat (ton/hektar)', 1, '[\"147\"]', 1, 19, 0, '2019-10-09 12:48:16', '2019-10-09 12:52:42'),
(81, 'Data Sebaran  Titik Jaringan', 36, '[\"4\",\"6\"]', 0, 23, 0, '2019-10-22 07:29:27', '2019-10-24 21:31:30'),
(89, 'Jumlah Media Berdasarkan Jenis Media Lingkup Pemerintah Provinsi Sulawesi Barat', 47, '[\"162\"]', 1, 23, 0, '2019-11-22 16:59:07', '2019-11-22 17:07:08'),
(90, 'Daftar Pemilih Tetap', 1, '[\"163\",\"164\",\"165\",\"166\"]', 1, 48, 0, '2019-11-25 14:07:50', '2019-11-25 15:18:13'),
(93, 'REKAPITULASI JUMLAH PEROLEHAN SUARA SAH PARTAI POLITIK PEMILIHAN UMUM ANGGOTA DEWAN PERWAKILAN RAKYAT DAERAH PROVINSI SULAWESI BARAT', 48, '[\"173\",\"175\"]', 1, 48, 0, '2019-11-28 11:07:38', '2019-12-17 16:07:16'),
(94, 'KETERANGAN PERMOHONAN PENDAFTARAN IJIN MENDIRIKAN BANGUNAN TAHUN 2018', 49, '[\"176\"]', 0, 62, 0, '2019-11-28 21:11:11', '2019-11-28 21:11:11'),
(96, 'Peraturan Daerah Provinsi Sulawesi Barat', 54, '[\"179\"]', 0, 39, 0, '2019-12-04 16:18:53', '2019-12-04 16:18:53'),
(97, 'Peraturan Gubernur Provinsi Sulawesi Barat', 55, '[\"180\"]', 0, 39, 0, '2019-12-04 16:27:47', '2019-12-04 16:27:47'),
(98, 'Surat Keputusan Gubernur Provinsi Sulawesi Barat', 56, '[\"181\"]', 1, 39, 0, '2019-12-04 16:32:42', '2019-12-05 23:43:03'),
(100, 'LAKI - LAKI PEREMPUAN TERLAYANI', 29, '[\"184\",\"186\"]', 0, 47, 0, '2019-12-10 08:25:49', '2019-12-10 08:25:49'),
(101, 'Tabel Laki-laki Perempuan Terlayani', 29, '[\"184\",\"185\",\"186\"]', 0, 47, 0, '2019-12-11 14:42:48', '2019-12-11 14:42:48');

-- --------------------------------------------------------

--
-- Table structure for table `templates_columns`
--

CREATE TABLE `templates_columns` (
  `template_id` int(10) UNSIGNED NOT NULL,
  `column_id` int(10) UNSIGNED NOT NULL
) ENGINE=InnoDB DEFAULT CHARSET=utf8mb4 COLLATE=utf8mb4_unicode_ci;

--
-- Dumping data for table `templates_columns`
--

INSERT INTO `templates_columns` (`template_id`, `column_id`) VALUES
(2, 131),
(3, 1),
(4, 1),
(5, 1),
(6, 2),
(7, 3),
(8, 4),
(9, 5),
(9, 6),
(9, 7),
(10, 5),
(10, 6),
(10, 7),
(11, 8),
(12, 9),
(13, 10),
(13, 11),
(14, 10),
(14, 11),
(15, 10),
(15, 11),
(16, 12),
(16, 13),
(16, 14),
(16, 15),
(17, 16),
(18, 17),
(18, 18),
(18, 19),
(18, 20),
(18, 21),
(18, 22),
(19, 23),
(20, 24),
(20, 25),
(21, 28),
(21, 29),
(22, 30),
(22, 31),
(23, 32),
(23, 33),
(24, 34),
(24, 35),
(25, 36),
(25, 37),
(25, 38),
(25, 39),
(25, 40),
(25, 41),
(25, 42),
(25, 43),
(27, 44),
(27, 49),
(27, 51),
(30, 52),
(30, 53),
(30, 54),
(30, 55),
(30, 56),
(30, 57),
(30, 58),
(30, 62),
(31, 63),
(31, 64),
(32, 65),
(33, 66),
(34, 65),
(35, 68),
(35, 71),
(35, 72),
(36, 68),
(36, 71),
(36, 72),
(37, 69),
(37, 70),
(38, 73),
(39, 74),
(40, 75),
(40, 76),
(40, 77),
(40, 78),
(40, 79),
(41, 80),
(42, 81),
(42, 82),
(42, 83),
(43, 88),
(43, 89),
(44, 102),
(46, 115),
(47, 117),
(48, 118),
(49, 112),
(49, 113),
(49, 114),
(50, 119),
(52, 122),
(53, 121),
(54, 120),
(55, 125),
(55, 126),
(56, 127),
(57, 129),
(58, 90),
(58, 91),
(58, 92),
(58, 93),
(58, 94),
(58, 95),
(58, 96),
(58, 97),
(58, 98),
(58, 99),
(58, 100),
(58, 101),
(58, 128),
(59, 130),
(60, 134),
(61, 132),
(61, 133),
(62, 135),
(63, 136),
(64, 137),
(65, 138),
(65, 139),
(66, 142),
(67, 140),
(69, 143),
(70, 140),
(72, 144),
(72, 145),
(73, 147),
(74, 146),
(74, 148),
(76, 108),
(76, 109),
(76, 110),
(76, 111),
(77, 147),
(78, 149),
(79, 147),
(80, 147),
(81, 4),
(81, 6),
(89, 162),
(90, 163),
(90, 164),
(90, 165),
(90, 166),
(93, 173),
(93, 175),
(94, 176),
(96, 179),
(97, 180),
(98, 181),
(100, 184),
(100, 186),
(101, 184),
(101, 185),
(101, 186);

-- --------------------------------------------------------

--
-- Table structure for table `template_data`
--

CREATE TABLE `template_data` (
  `id` int(10) UNSIGNED NOT NULL,
  `template_id` int(11) NOT NULL,
  `year_id` int(11) NOT NULL,
  `source` varchar(255) COLLATE utf8mb4_unicode_ci NOT NULL,
  `description` text COLLATE utf8mb4_unicode_ci DEFAULT NULL,
  `created_at` timestamp NULL DEFAULT NULL,
  `updated_at` timestamp NULL DEFAULT NULL
) ENGINE=InnoDB DEFAULT CHARSET=utf8mb4 COLLATE=utf8mb4_unicode_ci;

--
-- Dumping data for table `template_data`
--

INSERT INTO `template_data` (`id`, `template_id`, `year_id`, `source`, `description`, `created_at`, `updated_at`) VALUES
(1, 21, 2017, 'Dinas Perpustakaan dan Kearsipan Provinsi Sulawesi Barat', NULL, '2019-08-26 02:49:10', '2019-08-26 02:49:10'),
(2, 27, 2018, 'Dinas Tenaga Kerja Prov. Sulawesi Barat', NULL, '2019-08-28 05:34:59', '2019-08-28 05:34:59'),
(3, 30, 2018, 'Dinas Tenaga Kerja Prov. Sulawesi Barat', NULL, '2019-08-28 06:02:24', '2019-08-28 06:02:24'),
(4, 11, 2018, 'Dinas Kependudukan dan Catatan Sipil Provinsi Sulawesi Barat', NULL, '2019-10-09 08:48:46', '2019-10-09 08:48:46'),
(5, 12, 2018, 'Dinas Kependudukan dan Catatan Sipil Provinsi Sulawesi Barat', NULL, '2019-10-09 08:59:41', '2019-10-09 08:59:41'),
(6, 13, 2018, 'Dinas Pendidikan dan Kebudayaan Provinsi Sulawesi Barat', NULL, '2019-10-09 09:03:40', '2019-10-09 09:03:40'),
(7, 14, 2018, 'Dinas Kependudukan dan Catatan Sipil Provinsi Sulawesi Barat', NULL, '2019-10-09 09:06:25', '2019-10-09 09:06:25'),
(8, 15, 2018, 'Dinas Kependudukan dan Catatan Sipil Provinsi Sulawesi Barat', NULL, '2019-10-09 09:08:05', '2019-10-09 09:08:05'),
(9, 16, 2018, 'Dinas Kependudukan dan Catatan Sipil Provinsi Sulawesi Barat', NULL, '2019-10-09 09:12:29', '2019-10-09 09:12:29'),
(10, 17, 2018, 'Dinas Kependudukan dan Catatan Sipil Provinsi Sulawesi Barat', NULL, '2019-10-09 09:15:59', '2019-10-09 09:15:59'),
(11, 19, 2018, 'Dinas Kependudukan dan Catatan Sipil Provinsi Sulawesi Barat', NULL, '2019-10-09 09:20:07', '2019-10-09 09:20:07'),
(12, 20, 2018, 'Dinas Kependudukan dan Catatan Sipil Provinsi Sulawesi Barat', NULL, '2019-10-09 09:21:34', '2019-10-09 09:21:34'),
(13, 33, 2018, 'Sekretariat DPRD Provinsi Sulawesi Barat', NULL, '2019-10-09 11:06:48', '2019-10-09 11:06:48'),
(14, 52, 2018, 'PT. Pos Indonesia Cabang Mamuju', NULL, '2019-10-09 11:15:27', '2019-10-09 11:17:06'),
(15, 49, 2018, 'Satpol PP', NULL, '2019-10-09 11:16:13', '2019-10-09 11:16:13'),
(16, 34, 2018, 'Sekretariat DPRD Provinsi Sulawesi Barat', NULL, '2019-10-09 11:18:12', '2019-10-09 11:18:12'),
(17, 53, 2018, 'PT. Pos Indonesia Cabang Mamuju', NULL, '2019-10-09 11:18:33', '2019-10-09 11:18:33'),
(18, 54, 2018, 'PT. Pos Indonesia Cabang Mamuju', NULL, '2019-10-09 11:19:22', '2019-10-09 11:19:22'),
(19, 50, 2018, 'Dinas Perhubungan Provinsi Sulawesi Barat', NULL, '2019-10-09 11:21:59', '2019-10-09 11:21:59'),
(20, 2, 2018, 'Sekretariat DPRD Provinsi Sulawesi Barat', NULL, '2019-10-09 11:22:11', '2019-10-09 11:22:11'),
(21, 8, 2018, 'Dinas Pekerjaan Umum Provinsi dan Penataan Ruang Provinsi Sulawesi Barat', NULL, '2019-10-09 11:25:27', '2019-10-09 11:25:27'),
(22, 47, 2018, 'Dinas Pekerjaan Umum dan Penataan Ruang Provinsi Sulawesi Barat', NULL, '2019-10-09 11:27:39', '2019-10-09 11:27:39'),
(23, 48, 2018, 'Dinas Pekerjaan Umum dan Penataan Ruang Provinsi Sulawesi Barat', NULL, '2019-10-09 11:31:31', '2019-10-09 11:31:31'),
(24, 37, 2018, 'Dinas Kehutanan Provinsi Sulawesi Barat', NULL, '2019-10-09 11:38:48', '2019-10-09 11:38:48'),
(25, 46, 2018, 'Badan Pengelola Keuangan dan Pendapatan Daerah Provinsi Sulawesi Barat', NULL, '2019-10-09 11:41:22', '2019-10-09 11:42:03'),
(26, 61, 2018, 'Dinas Pariwisata Provinsi Sulawesi Barat', NULL, '2019-10-09 11:43:09', '2019-10-09 11:43:09'),
(27, 63, 2018, 'Dinas Pariwisata Provinsi Sulawesi Barat', NULL, '2019-10-09 11:44:07', '2019-10-09 11:44:07'),
(28, 42, 2017, 'Dinas Kelautan dan Perikanan Provinsi Sulawesi Barat', NULL, '2019-10-09 11:46:04', '2019-10-09 11:46:04'),
(29, 44, 2018, 'Dinas Pariwisata Provinsi Sulawesi Barat', NULL, '2019-10-09 11:48:46', '2019-10-09 11:48:46'),
(30, 55, 2018, 'Dinas Sosial Provinsi Sulawesi Barat', NULL, '2019-10-09 11:49:09', '2019-10-09 11:49:09'),
(31, 43, 2018, 'Dinas Energi dan Sumber Daya Mineral Provinsi Sulawesi Barat', NULL, '2019-10-09 11:52:23', '2019-10-09 11:52:23'),
(32, 56, 2018, 'Dinas Sosial Provinsi Sulawesi Barat', NULL, '2019-10-09 11:53:59', '2019-10-09 11:53:59'),
(33, 58, 2017, 'Dinas Kelautan dan Perikanan Provinsi Sulawesi Barat', NULL, '2019-10-09 11:54:03', '2019-10-09 11:54:03'),
(34, 40, 2018, 'PLN Area Mamuju', NULL, '2019-10-09 11:54:36', '2019-10-09 11:54:36'),
(35, 57, 2018, 'Dinas Sosial Provinsi Sulawesi Barat', NULL, '2019-10-09 11:57:23', '2019-10-09 11:59:41'),
(36, 59, 2018, 'Dinas Sosial Provinsi Sulawesi Barat', NULL, '2019-10-09 12:01:09', '2019-10-09 12:01:09'),
(37, 38, 2018, 'Dinas Kesehatan Provinsi Sulawesi Barat', NULL, '2019-10-09 12:04:54', '2019-10-09 12:04:54'),
(38, 64, 2018, 'Dinas Pariwisata Provinsi Sulawesi Barat', NULL, '2019-10-09 12:08:22', '2019-10-09 12:08:22'),
(39, 66, 2018, 'Dinas Kelautan dan Perikanan Provinsi Sulawesi Barat', NULL, '2019-10-09 12:09:20', '2019-10-09 12:09:20'),
(40, 39, 2018, 'Dinas Kesehatan Provinsi Sulawesi Barat', NULL, '2019-10-09 12:11:27', '2019-10-09 12:11:27'),
(41, 67, 2018, 'Dinas Tanaman Pangan, Hortikultura, dan Peternakan Provinsi Sulawesi Barat', NULL, '2019-10-09 12:17:01', '2019-10-09 12:17:01'),
(42, 69, 2018, 'Dinas Tanaman Pangan, Hortikultura, dan Peternakan Provinsi Sulawesi Barat', NULL, '2019-10-09 12:28:09', '2019-10-09 12:28:09'),
(43, 73, 2018, 'Dinas Tanaman Pangan, Hortikultura, dan Peternakan Provinsi Sulawesi Barat', NULL, '2019-10-09 12:30:19', '2019-10-09 12:30:19'),
(44, 70, 2018, 'Dinas Tanaman Pangan, Hortikultura, dan Peternakan Provinsi Sulawesi Barat', NULL, '2019-10-09 12:30:21', '2019-10-09 12:30:21'),
(45, 74, 2018, 'Dinas Energi dan Sumber Daya Mineral Provinsi Sulawesi Barat', NULL, '2019-10-09 12:33:02', '2019-10-09 12:33:02'),
(46, 76, 2018, 'Dinas Kesehatan Provinsi Sulawesi Barat', NULL, '2019-10-09 12:36:58', '2019-10-09 12:36:58'),
(47, 41, 2018, 'Badan Kependudukan dan Keluarga Berencana Nasional Provinsi Sulawesi Barat', NULL, '2019-10-09 12:40:20', '2019-10-09 12:40:20'),
(48, 78, 2018, 'Dinas Tanaman Pangan, Hortikultura, dan Peternakan Provinsi Sulawesi Barat', NULL, '2019-10-09 12:41:40', '2019-10-09 12:41:40'),
(49, 65, 2018, 'Badan Kependudukan dan Keluarga Berencana Nasional Provinsi Sulawesi Barat', NULL, '2019-10-09 12:42:03', '2019-10-09 12:42:03'),
(50, 77, 2018, 'Dinas Tanaman Pangan, Hortikultura, dan Peternakan Provinsi Sulawesi Barat', NULL, '2019-10-09 12:42:25', '2019-10-09 12:42:25'),
(51, 72, 2018, 'Dinas Tanaman Pangan, Hortikultura, dan Peternakan Provinsi Sulawesi Barat', NULL, '2019-10-09 12:43:46', '2019-10-09 12:43:46'),
(52, 79, 2018, 'Dinas Tanaman Pangan, Hortikultura, dan Peternakan Provinsi Sulawesi Barat', NULL, '2019-10-09 12:51:03', '2019-10-09 12:51:03'),
(53, 80, 2018, 'Dinas Tanaman Pangan, Hortikultura, dan Peternakan Provinsi Sulawesi Barat', NULL, '2019-10-09 12:52:42', '2019-10-09 12:52:42'),
(55, 85, 2018, 'Laporan Pengembangan Jaringan FO', NULL, '2019-11-22 16:21:30', '2019-11-22 16:21:30'),
(56, 89, 2019, 'Laporan Bidang Informasi dan Komunikasi Publik', NULL, '2019-11-22 17:01:28', '2019-11-22 17:01:28'),
(57, 85, 2019, 'Dinas Komunikasi Informatika Persandian dan Statistik Prov. Sulawesi Barat', NULL, '2019-11-22 17:07:53', '2019-11-22 17:07:53'),
(58, 85, 2017, 'Dinas Komunikasi Informatika Persandian dan Statistik Prov. Sulawesi Barat', NULL, '2019-11-22 17:08:15', '2019-11-22 17:08:15'),
(59, 3, 2019, 'BKD PROV. SULAWESI BARAT TAHUN 2019', NULL, '2019-11-25 13:57:42', '2019-11-25 13:57:42'),
(60, 61, 2015, 'Dinas Pariwisata Provinsi Sulawesi Barat', NULL, '2019-11-25 14:19:13', '2019-11-25 14:19:13'),
(61, 20, 2017, 'DINAS KEPENDUDUKAN DAN PENCATATAN SIPIL', NULL, '2019-11-25 14:24:28', '2019-11-25 14:24:28'),
(62, 4, 2019, 'BKD PROV. SULAWESI BARAT TAHUN 2019', NULL, '2019-11-25 14:25:07', '2019-11-25 14:25:07'),
(63, 38, 2017, 'Dinas Kesehatan Provinsi Sulawesi Barat, 2017', NULL, '2019-11-25 14:30:43', '2019-11-25 14:30:43'),
(64, 5, 2019, 'Badan Kepegawaian Daerah Provinsi Sulawesi Barat', NULL, '2019-11-25 14:41:40', '2019-11-25 14:41:40'),
(65, 90, 2019, 'HASIL RAPAT PERBAIKAN KE 3 (DPTHP3) PEMILU TAHUN 2019 KESBANGPOL PROV. SULBAR', NULL, '2019-11-25 15:18:13', '2019-11-25 15:18:13'),
(66, 10, 2019, 'Dinas Pendidikan dan Kebudayaan Prov. Sulawesi Barat', NULL, '2019-11-27 11:50:39', '2019-11-27 11:50:39'),
(67, 9, 2019, 'Dinas Pendidikan dan Kebudayaan Prov. Sulawesi Barat', NULL, '2019-11-27 12:02:02', '2019-11-27 12:02:02'),
(68, 11, 2017, 'Dinas Kependudukan dan Pencatatan Sipil Provinsi Sulawesi Barat', NULL, '2019-11-29 16:04:23', '2019-11-29 16:04:23'),
(69, 98, 2018, 'ssss', NULL, '2019-12-05 23:43:03', '2019-12-05 23:43:03'),
(70, 93, 2019, 'Badan Kesatuan Bangsa dan Politik Prov. Sulawesi Barat', NULL, '2019-12-17 16:07:16', '2019-12-17 16:07:16');

-- --------------------------------------------------------

--
-- Table structure for table `translations`
--

CREATE TABLE `translations` (
  `id` int(10) UNSIGNED NOT NULL,
  `table_name` varchar(255) COLLATE utf8mb4_unicode_ci NOT NULL,
  `column_name` varchar(255) COLLATE utf8mb4_unicode_ci NOT NULL,
  `foreign_key` int(10) UNSIGNED NOT NULL,
  `locale` varchar(255) COLLATE utf8mb4_unicode_ci NOT NULL,
  `value` text COLLATE utf8mb4_unicode_ci NOT NULL,
  `created_at` timestamp NULL DEFAULT NULL,
  `updated_at` timestamp NULL DEFAULT NULL
) ENGINE=InnoDB DEFAULT CHARSET=utf8mb4 COLLATE=utf8mb4_unicode_ci;

--
-- Dumping data for table `translations`
--

INSERT INTO `translations` (`id`, `table_name`, `column_name`, `foreign_key`, `locale`, `value`, `created_at`, `updated_at`) VALUES
(1, 'data_types', 'display_name_singular', 5, 'pt', 'Post', '2019-04-21 21:59:29', '2019-04-21 21:59:29'),
(2, 'data_types', 'display_name_singular', 6, 'pt', 'Pgina', '2019-04-21 21:59:29', '2019-04-21 21:59:29'),
(3, 'data_types', 'display_name_singular', 1, 'pt', 'Utilizador', '2019-04-21 21:59:29', '2019-04-21 21:59:29'),
(4, 'data_types', 'display_name_singular', 4, 'pt', 'Categoria', '2019-04-21 21:59:29', '2019-04-21 21:59:29'),
(5, 'data_types', 'display_name_singular', 2, 'pt', 'Menu', '2019-04-21 21:59:29', '2019-04-21 21:59:29'),
(6, 'data_types', 'display_name_singular', 3, 'pt', 'Funo', '2019-04-21 21:59:29', '2019-04-21 21:59:29'),
(7, 'data_types', 'display_name_plural', 5, 'pt', 'Posts', '2019-04-21 21:59:30', '2019-04-21 21:59:30'),
(8, 'data_types', 'display_name_plural', 6, 'pt', 'Pginas', '2019-04-21 21:59:30', '2019-04-21 21:59:30'),
(9, 'data_types', 'display_name_plural', 1, 'pt', 'Utilizadores', '2019-04-21 21:59:30', '2019-04-21 21:59:30'),
(10, 'data_types', 'display_name_plural', 4, 'pt', 'Categorias', '2019-04-21 21:59:30', '2019-04-21 21:59:30'),
(11, 'data_types', 'display_name_plural', 2, 'pt', 'Menus', '2019-04-21 21:59:30', '2019-04-21 21:59:30'),
(12, 'data_types', 'display_name_plural', 3, 'pt', 'Funes', '2019-04-21 21:59:30', '2019-04-21 21:59:30'),
(13, 'categories', 'slug', 1, 'pt', 'categoria-1', '2019-04-21 21:59:30', '2019-04-21 21:59:30'),
(14, 'categories', 'name', 1, 'pt', 'Categoria 1', '2019-04-21 21:59:30', '2019-04-21 21:59:30'),
(15, 'categories', 'slug', 2, 'pt', 'categoria-2', '2019-04-21 21:59:30', '2019-04-21 21:59:30'),
(16, 'categories', 'name', 2, 'pt', 'Categoria 2', '2019-04-21 21:59:30', '2019-04-21 21:59:30'),
(17, 'pages', 'title', 1, 'pt', 'Ol Mundo', '2019-04-21 21:59:30', '2019-04-21 21:59:30'),
(18, 'pages', 'slug', 1, 'pt', 'ola-mundo', '2019-04-21 21:59:30', '2019-04-21 21:59:30'),
(19, 'pages', 'body', 1, 'pt', '<p>Ol Mundo. Scallywag grog swab Cat o\'nine tails scuttle rigging hardtack cable nipper Yellow Jack. Handsomely spirits knave lad killick landlubber or just lubber deadlights chantey pinnace crack Jennys tea cup. Provost long clothes black spot Yellow Jack bilged on her anchor league lateen sail case shot lee tackle.</p>\r\n<p>Ballast spirits fluke topmast me quarterdeck schooner landlubber or just lubber gabion belaying pin. Pinnace stern galleon starboard warp carouser to go on account dance the hempen jig jolly boat measured fer yer chains. Man-of-war fire in the hole nipperkin handsomely doubloon barkadeer Brethren of the Coast gibbet driver squiffy.</p>', '2019-04-21 21:59:30', '2019-04-21 21:59:30'),
(20, 'menu_items', 'title', 1, 'pt', 'Painel de Controle', '2019-04-21 21:59:30', '2019-04-21 21:59:30'),
(21, 'menu_items', 'title', 2, 'pt', 'Media', '2019-04-21 21:59:30', '2019-04-21 21:59:30'),
(22, 'menu_items', 'title', 12, 'pt', 'Publicaes', '2019-04-21 21:59:30', '2019-04-21 21:59:30'),
(23, 'menu_items', 'title', 3, 'pt', 'Utilizadores', '2019-04-21 21:59:30', '2019-04-21 21:59:30'),
(24, 'menu_items', 'title', 11, 'pt', 'Categorias', '2019-04-21 21:59:30', '2019-04-21 21:59:30'),
(25, 'menu_items', 'title', 13, 'pt', 'Pginas', '2019-04-21 21:59:30', '2019-04-21 21:59:30'),
(26, 'menu_items', 'title', 4, 'pt', 'Funes', '2019-04-21 21:59:30', '2019-04-21 21:59:30'),
(27, 'menu_items', 'title', 5, 'pt', 'Ferramentas', '2019-04-21 21:59:30', '2019-04-21 21:59:30'),
(28, 'menu_items', 'title', 6, 'pt', 'Menus', '2019-04-21 21:59:30', '2019-04-21 21:59:30'),
(29, 'menu_items', 'title', 7, 'pt', 'Base de dados', '2019-04-21 21:59:30', '2019-04-21 21:59:30'),
(30, 'menu_items', 'title', 10, 'pt', 'Configuraes', '2019-04-21 21:59:30', '2019-04-21 21:59:30');

-- --------------------------------------------------------

--
-- Table structure for table `users`
--

CREATE TABLE `users` (
  `id` int(10) UNSIGNED NOT NULL,
  `role_id` bigint(20) UNSIGNED DEFAULT NULL,
  `name` varchar(255) COLLATE utf8mb4_unicode_ci NOT NULL,
  `email` varchar(255) COLLATE utf8mb4_unicode_ci NOT NULL,
  `avatar` varchar(255) COLLATE utf8mb4_unicode_ci DEFAULT 'users/default.png',
  `password` varchar(255) COLLATE utf8mb4_unicode_ci NOT NULL,
  `remember_token` varchar(100) COLLATE utf8mb4_unicode_ci DEFAULT NULL,
  `settings` text COLLATE utf8mb4_unicode_ci DEFAULT NULL,
  `created_at` timestamp NULL DEFAULT NULL,
  `updated_at` timestamp NULL DEFAULT NULL
) ENGINE=InnoDB DEFAULT CHARSET=utf8mb4 COLLATE=utf8mb4_unicode_ci;

--
-- Dumping data for table `users`
--

INSERT INTO `users` (`id`, `role_id`, `name`, `email`, `avatar`, `password`, `remember_token`, `settings`, `created_at`, `updated_at`) VALUES
(1, 1, 'BPS Prov. Sulawesi Barat', 'bps@mail.com', 'users/default.png', '$2y$10$dZ2sO58G65/rTpfaP9ePvuNQA50UfFyOS9DY6hvCh8qyepr3vMG3a', 'G1yDy7Fuw0EBjofrXcs8giRbHF68oIbiunRSH9gxlkaAXOk8IV0FGA3x7iwO', '{\"locale\":\"id\"}', '2019-04-21 21:59:29', '2019-04-21 22:02:09'),
(3, 2, 'Dinas Perpustakaan dan Kearsipan Prov. Sulawesi Barat', 'disperpus76@mail.com', 'users/default.png', '$2y$10$TOw5fbD25ZVL.YQ2CGTmwOfKIlrcRdSvVFj3dJmadkUemQ954CY0a', 'sH9vNwb3t6lI4V0Os3TycdMr3VVStdWt4GUnSKWw9yVNuDo43j46loLacJP6', '{\"locale\":\"id\"}', '2019-05-20 11:27:53', '2019-11-25 09:23:53'),
(4, 2, 'Dinas Kepemudaan dan Olahraga Prov. Sulawesi Barat', 'dispempora76@mail.com', 'users/default.png', '$2y$10$JWY2dn32SQ.zQFPnD7tNYeW.zVTS6vZO6fnQutg4/CN.XLCCdDgnO', NULL, '{\"locale\":\"id\"}', '2019-05-20 11:33:34', '2019-05-20 11:33:34'),
(5, NULL, 'Dinas Penanaman Modal dan Pelayanan Terpadu Satu Pintu Prov. Sulawesi Barat', 'dispm76@mail.com', 'users/default.png', '$2y$10$ObIeMDEeFZDqpe1fU3hO5uUbEDco4wIRapOQtO1VzEr/lqhoMxJve', NULL, '{\"locale\":\"id\"}', '2019-05-20 11:34:12', '2019-11-25 14:34:16'),
(6, 2, 'Dinas Usaha Mikro Kecil dan Menengah Prov. Sulawesi Barat', 'umkm76@mail.com', 'users/default.png', '$2y$10$ChthL5hxGoywJnnaI648ru6uRPasQiYl6/mg3UFwdlhwqoHbXAsaq', NULL, '{\"locale\":\"id\"}', '2019-05-20 11:34:53', '2019-05-20 11:34:53'),
(7, 2, 'Dinas Perhubungan Prov. Sulawesi Barat', 'dishub76@mail.com', 'users/default.png', '$2y$10$7JrvP/rTpkqAI81AL4npD.k68hK.FUoz6d6yLOVndHAfEyIoUrtgO', 'dyWqJkKpZZjHPtNrSXyGBBHV4JHYYa5efURBlZCcpnwU3GCdNrQWcE4CZ4gG', '{\"locale\":\"id\"}', '2019-05-20 11:35:20', '2019-05-20 11:35:20'),
(8, 2, 'Dinas Pengendalian Penduduk dan KB Prov. Sulawesi Barat', 'ppkb76@mail.com', 'users/default.png', '$2y$10$tKi/Z9jedgxQ/1g./lnONOiaYde9cVf4xrNmXf9VKuVo78EgCz5HS', NULL, '{\"locale\":\"id\"}', '2019-05-20 11:37:37', '2019-05-20 11:37:37'),
(9, 2, 'Dinas Pemberdayaan Masyarakat dan Desa Prov. Sulawesi Barat', 'pmd76@mail.com', 'users/default.png', '$2y$10$9MOMYGDFRovFuKC7QrpOgOf7IX/TumZjYGLxtd.uiRglRr.n6Mn5u', NULL, '{\"locale\":\"id\"}', '2019-05-20 11:38:08', '2019-11-25 09:27:41'),
(10, 2, 'Dinas Kependudukan dan Pencatatan Sipil Prov. Sulawesi Barat', 'disdukcapil76@mail.com', 'users/default.png', '$2y$10$B6trVfAStB4YhGcwy4x99.mimwE0.E.G/aqlDXNicT9TV8d21eseS', '7LT8iUsy5tdBiPAn3HiE8hjrLvPCHoowE0uszkv3Qu2Uw3ng2mwAfjPjpuVx', '{\"locale\":\"id\"}', '2019-05-20 11:38:47', '2019-05-20 11:38:47'),
(11, 2, 'Dinas Lingkungan Hidup Prov. Sulawesi Barat', 'dlh76@mail.com', 'users/default.png', '$2y$10$cwRuC7jC/iBy6DlBtaabQeljCa8kpSoN04vbjc0r8CZvmpPn7Rh42', 'dFcFx1qJNA3r0e6vBJKgYcLCde1fNzWgGX1TvrNLcbIB588DMEqVyecZmWIL', '{\"locale\":\"id\"}', '2019-05-20 11:39:18', '2019-05-20 11:39:18'),
(12, 2, 'Dinas Sosial Prov. Sulawesi Barat', 'dinsos76@mail.com', 'users/default.png', '$2y$10$SVPzkmLEM0DwfoGCYGu3tu3zCmpmG3uk0reXHPaTqP46l5uutO3oi', '2tbRkjhVQ24DdmdgcdxIDP9rzjiicTCzcuU4t4LVdiPBYHToSQwB5Ql2fAiT', '{\"locale\":\"id\"}', '2019-05-20 11:39:52', '2019-05-20 11:39:52'),
(13, 2, 'Satuan Polisi Pamong Praja dan Pemadam Kebakaran Prov. Sulawesi Barat', 'satpol76@mail.com', 'users/default.png', '$2y$10$vMZHn1.Khwt3ce0dWzDqiepDPYMHAeY0UbienRt2DtrJdJry6ugp.', 'QNITMtAEKIDf00dB7Zp9qdkIsxRWqgu1eTVtCStZGBlHOhqyrPxaHtOtegkh', '{\"locale\":\"id\"}', '2019-05-20 11:40:34', '2019-11-25 09:36:14'),
(14, 2, 'Dinas Perumahan dan Kawasan Permukiman Prov. Sulawesi Barat', 'dispera76@mail.com', 'users/default.png', '$2y$10$5fkFEbzg8B7M5JBeySwSQOuv34RLAXDLwEtCKqLCWAXJ79SZ6P.ay', 'Ofi8Umc01OEi2701JRy3NaqfS1NIkpReJjJGFAbpTnsDJFWJhd4hc9R6hsCf', '{\"locale\":\"id\"}', '2019-05-20 11:41:09', '2019-05-20 11:41:09'),
(15, 2, 'Dinas Pekerjaan Umum Prov. Sulawesi Barat', 'pu76@mail.com', 'users/default.png', '$2y$10$k.5.vi8ao5GDg4qaTUfD7egR57Z7QUY.Idro4edadfs0yJ887RtFe', 'dKxXeKkat531RG0ksc45Ar3pEfxCX2CB3Ma6be6fAO2ZHujKRYCGppJF2MfS', '{\"locale\":\"id\"}', '2019-05-20 11:41:32', '2019-05-20 11:41:32'),
(16, 2, 'Dinas Pelayanan Terpadu Satu Pintu Prov. Sulawesi Barat', 'ptsp76@mail.com', 'users/default.png', '$2y$10$ng9TQiSj8g2mQnrfV24IxepWjMdJL5TZZRLCTtvcaSqRbZ/3Ly/3u', NULL, '{\"locale\":\"id\"}', '2019-05-20 11:42:03', '2019-05-20 11:42:03'),
(17, 2, 'Dinas Transmigrasi Prov. Sulawesi Barat', 'distrans76@mail.com', 'users/default.png', '$2y$10$ixHtnS8vMrutKpQGKEOpYeseE8TwHBSOcGkqLkMv0blk6mWte/lAq', 'GPpNSUcXweDDhQHbCZ8rqfYIIfTKPE7MUW3NeqFghVSsZdiHSeN87Pyh7y6h', '{\"locale\":\"id\"}', '2019-05-20 11:42:32', '2019-05-20 11:42:32'),
(18, 2, 'Dinas Perdagangan, perindustrian, Koperasi, dan UKM Prov. Sulawesi Barat', 'disperindag76@mail.com', 'users/default.png', '$2y$10$QP./A5b.tn5d4dZW8XSQuuDf4K3ox.eVUUWSBLcOM/neg8u/HJeO6', NULL, '{\"locale\":\"id\"}', '2019-05-20 11:43:09', '2019-11-25 09:34:59'),
(19, 2, 'Dinas Tanaman Pangan, Hortikultura, dan Peternakan Prov. Sulawesi Barat', 'distan76@mail.com', 'users/default.png', '$2y$10$LlM7vlML2vUyZCUAUwbmXe6toxobjiEYBGWvoj1h9XZu7lmkpDbn.', 'VR0JnSmsGIAy0JaNhJDGOi35xYIjPyTLHk17jFxKSub4GGOVLfKObFuzNN8Q', '{\"locale\":\"id\"}', '2019-05-20 11:43:35', '2019-11-25 09:37:15'),
(20, 2, 'Dinas Tenaga Kerja Prov. Sulawesi Barat', 'disnaker76@mail.com', 'users/default.png', '$2y$10$myjN5Kcs9M4piDki3SNSM.xueZamzCxOazbVGva1ZofVUSJOmpEqO', 'mIPUVqeJb9pGNb9crjsFkliEUqxP5Afu4zjtnMISmCgfMEHWgjzuXlWP5N6Z', '{\"locale\":\"id\"}', '2019-05-20 11:44:04', '2019-05-20 11:44:04'),
(21, 2, 'Dinas Pendidikan dan Kebudayaan Prov. Sulawesi Barat', 'diknas76@mail.com', 'users/default.png', '$2y$10$.xinibQhC0.88YcHDir7s.cL.rMJnWBywcaNrWUzu9kfgOUbzg3/m', 'IbjJms0Vp03ensamondR5JvU9Bip7iyWoJZPkzVRdn2fIdTZqoxVDgpQYwmH', '{\"locale\":\"id\"}', '2019-05-20 11:44:34', '2019-05-20 11:44:34'),
(22, 2, 'Dinas Kesehatan Prov. Sulawesi Barat', 'dinkes76@mail.com', 'users/default.png', '$2y$10$LGscXos0JwIxu4rTUQxkzOVUste5YabAehHod5PhpSy9cB1pCggYe', 'IIjs6ADarvLoDQTBpEQLKCXyq7BOn39szApXWU76km5wl5gug4fDaPr9jM3l', '{\"locale\":\"id\"}', '2019-05-20 11:44:58', '2019-05-20 11:44:58'),
(23, 3, 'Dinas Komunikasi Informatika Persandian dan Statistik Prov. Sulawesi Barat', 'diskominfo76@mail.com', 'users/default.png', '$2y$10$2LUjUemcCvjca4S3.ZHZxutnz4ml7duRgDkZ09.14z9Wcme5xiA3u', 'c61e8aMqxhPAcE2l9anUcs36zSk0zHtJsy9PHIlsgMBi0wWj24C1rkGazzUj', '{\"locale\":\"id\"}', '2019-05-20 11:45:43', '2019-05-20 11:45:43'),
(24, 2, 'BAPPEDA Prov. Sulawesi Barat', 'bappeda76@mail.com', 'users/default.png', '$2y$10$H1B/664dA2wQlQjINIuWqO0BPnETVm0F.Q9J1QXjaYbQ22Mt5tGLG', 'NtxpZcGUlM2hrWlOYghGoFkQdOeeSnQkAjK9LbY5YDXMu4ujj0z4YwxYZ76f', '{\"locale\":\"id\"}', '2019-05-20 11:46:07', '2019-08-25 08:44:48'),
(25, 2, 'Dinas Kehutanan Provinsi Sulawesi Barat', 'dishutan76@mail.com', 'users/default.png', '$2y$10$uSAsxOLVwzwYBQfgvg5fXuPvwDuWCoIHFrjR9vQ9PF8evIh9Oib2q', 'MZ48Lhp9lFP6PQb8zlxlNFDYjx44jw4AH3siSzcD0GOfqMcIP2cmoZJmZL7l', '{\"locale\":\"id\"}', '2019-08-21 11:55:05', '2019-08-21 11:55:05'),
(26, 2, 'Dinas Kelautan dan Perikanan Provinsi Sulawesi Barat', 'dkp76@mail.com', 'users/default.png', '$2y$10$xBNsW7tSd/t/4K8rtFHsjeKU.VmUMr2gfGMGIhtgKGavAVycYno5m', '3wllAgaUbl0cZeBiOZZ8UPX4aLBnCg1sO0aKRyJB0fqSWbAZHQ6B2hbg4hET', '{\"locale\":\"id\"}', '2019-08-21 11:55:41', '2019-10-09 10:08:18'),
(27, 2, 'Dinas Pariwisata Provinsi Sulawesi Barat', 'pariwisata76@mail.com', 'users/default.png', '$2y$10$NS0zNJhuH0ITDCGs1urffezzGiaKU8MsjJzdjKdAq2/eR7c4cpiWK', 'z2tNFPMSRg8Rw3dXfJJmk9Lwdz6bdWRJe8UmA24Ley10NFEU9RVU5LF2ENV4', '{\"locale\":\"id\"}', '2019-08-21 11:58:44', '2019-11-25 13:42:51'),
(28, 2, 'RSUD Prov. Sulawesi Barat', 'rsreg76@mail.com', 'users/default.png', '$2y$10$gymon3SrlUO7LVBmZQGW0e8IpYT.4xVaSMvPipBXASm8GN9bRzUn2', '2z0pwKcRodvimg9CM59cSNra5Tzzk1DSwn4dZpy9HXOTQ7wLAMvhlUMLvuLs', '{\"locale\":\"id\"}', '2019-08-21 11:59:21', '2019-11-25 09:36:35'),
(29, 2, 'Sekretariat DPRD Provinsi Sulawesi Barat', 'dprd76@mail.com', 'users/default.png', '$2y$10$9/D82yFEdYsyVMl4QwEpxOWc5yQnScYxb33EP6rtfp2a0GQqu4vAO', 'EHv7oL2wAD0aqjRvQKRMzwMV99EeI5kZpP5vT2qmnm2iQw3Z0PPBBmabg2TF', '{\"locale\":\"id\"}', '2019-08-25 13:08:36', '2019-08-25 13:08:36'),
(30, 2, 'Badan Kepegawaian Daerah Provinsi Sulawesi Barat', 'bkd76@mail.com', 'users/default.png', '$2y$10$wjwtbDuMSnrlQecWrU7e3eOik0VXnDkZ8FIAEqPkf/WW3.fw4oGjC', 'zmF8Or64TVlofClFYDhDi7jPGifUD4ZYRSrTYqm8k6coy1L8px0kJ2OgxpoZ', '{\"locale\":\"id\"}', '2019-08-25 13:14:20', '2019-08-25 13:14:20'),
(31, 2, 'Dinas Ketahanan Pangan Provinsi Sulawesi Barat', 'disketapang76@mail.com', 'users/default.png', '$2y$10$aV1ezZ/wep1KPKGF7dlDGepqSdUVczQmYlfkCynDBuoX.qIvoq9zu', 'BwleDVsKYtZJ4AMVf6Uxo9gxFvV20yDNeo6fHZhi9G8oPwTwqHqciQS5NUhe', '{\"locale\":\"id\"}', '2019-08-26 08:08:20', '2019-08-26 08:11:28'),
(32, 2, 'Kantor Kementerian Agama Provinsi Sulawesi Barat', 'kemenag76@mail.com', 'users/default.png', '$2y$10$lNu4VIXcKPVENDBnEkLdi.u2RILZnohLlGGBy7xCDq9MIpw4.WDXq', '6YPjsaioOspBYD7nKGsDLDTZsbSV42yqZkP0ApQO8CfUqdkxtGdpx7yiNpX6', '{\"locale\":\"id\"}', '2019-10-09 09:57:37', '2019-10-09 09:57:37'),
(33, 2, 'PLN Area Mamuju', 'plnmamuju@mail.com', 'users/default.png', '$2y$10$PRPKhpw5HHdhiLajlFxf4OfN9B4NOkDcGjlQu/VzMD0OjsU1nQ2SO', 'sVOo8OX8N443ju34h8MomswN2sFUX449CKRS1XVsFttt7VCY26tWghQdxvA8', '{\"locale\":\"id\"}', '2019-10-09 10:01:47', '2019-10-09 10:01:47'),
(34, 2, 'Dinas Energi dan Sumber Daya Mineral Provinsi Sulbar', 'esdm76@mail.com', 'users/default.png', '$2y$10$c2ipRpgVjnQKlk4WZwQySeGK8UP41BRAD/ygW1vvwHdT1oDocNgrq', '4gFoxH0qJrafBEz29ooOvMhHm0ctPgeXZaIyee38tsaqESJlemtKkvgUas64', '{\"locale\":\"id\"}', '2019-10-09 10:10:43', '2019-10-09 10:10:43'),
(36, 2, 'BPKPD Provinsi Sulawesi Barat', 'bpkpd76@mail.com', 'users/default.png', '$2y$10$IrVQUbMi1OeG0FKwZEN.6.VD5rEt8fyuPGoPxdDXZJNcZlIcft45a', 'AEHCoDNx1nRjuoWiRkEml8l6ip8SE9RShuw1Y6VuGDv8YX41CWHlvwGNIyct', '{\"locale\":\"id\"}', '2019-10-09 10:13:01', '2019-10-09 10:13:01'),
(37, 2, 'PT. POS Mamuju', 'pos76@mail.com', 'users/default.png', '$2y$10$KZqwVqSszoMDoa49Pe8ixOp5CzjTaiLvnbxG37yuaRJN0K4fYq8lK', 'zp8uwSFM7FjzkSUxVZM85JvZBMZYqlXatnlQd5t8qS3nVhmPFxH4tSxZQ1Nd', '{\"locale\":\"id\"}', '2019-10-09 10:13:47', '2019-10-09 10:13:47'),
(38, 2, 'BKKBN Provinsi Sulawesi Barat', 'bkkbn76@mail.com', 'users/default.png', '$2y$10$lHCQ25NSof3tzGT9J/XhAeA7hJosrxkekS.s0gXKmul1A8jyCUM5m', NULL, '{\"locale\":\"id\"}', '2019-10-09 11:33:43', '2019-10-09 11:33:43'),
(39, 2, 'Biro Hukum Provinsi Sulawesi Barat', 'hukum76@mail.com', 'users/default.png', '$2y$10$VnPS2c6Pml94MnhHGdR/AODD74nLvFCkINHgqZ5gYv2MfMroMA2pC', 'K373487EM4ATaZHnGFr2KGRKyzRi37fs7YQ9ndXZGZwHITWRWL8irorg0btc', '{\"locale\":\"id\"}', '2019-11-25 09:23:47', '2019-11-25 09:23:47'),
(40, 2, 'Biro Kesejahteraan Rakyat Provinsi Sulawesi Barat', 'kesra76@mail.com', 'users/default.png', '$2y$10$PDD3AANY2Rm5CowbXzF5tePY5ka2AZsvsXe.BAS5FWqdLwSyIuKhS', NULL, '{\"locale\":\"id\"}', '2019-11-25 09:25:22', '2019-11-25 09:25:22'),
(41, 2, 'Biro Organisasi dan Tata Laksana Provinsi Sulawesi Barat', 'ortala76@mail.com', 'users/default.png', '$2y$10$WCdzijh1RiSW.NZIzzUblO9q3bBREN25j3J8/RWcXuoMNbTfkPL2u', NULL, '{\"locale\":\"id\"}', '2019-11-25 09:26:01', '2019-11-25 09:26:01'),
(42, 2, 'Dinas Perkebunan Prov. Sulawesi Barat', 'perkebunan76@mail.com', 'users/default.png', '$2y$10$Mkj.uX.4EVeUSwgg0iPjBOeCG/epCCCrZYYaFh53363aaq4SxipN2', NULL, '{\"locale\":\"id\"}', '2019-11-25 09:26:49', '2019-11-25 09:26:49'),
(43, 2, 'Biro Tata Pemerintahan Provinsi Sulawesi Barat', 'tapem76@mail.com', 'users/default.png', '$2y$10$etq0Nrq12Sx2DI3WKfBQmOsPqHmV7HS5uAAYxgwra5jZbAsqdA1WG', NULL, '{\"locale\":\"id\"}', '2019-11-25 09:27:16', '2019-11-25 09:27:16'),
(46, 2, 'Badan Pengembangan Sumber Daya Manusia Prov. Sulawesi Barat', 'bpsdm76@mail.com', 'users/default.png', '$2y$10$vCZfGkJ2qW6WFNQXJb/MrOCYKeuYHmnfdrlr9GpBVs1FM4hFF1xvC', '8Pva6Zo1vz27ehygh5XqtJQpxgm01E6OxppSNETA4NCoTAyLTQtjIYTXebMI', '{\"locale\":\"id\"}', '2019-11-25 09:30:23', '2019-11-25 09:30:23'),
(47, NULL, 'Dinas Pemberdayaan Perempuan, Perlindungan Anak, Pengendalian Penduduk dan Keluarga Berencana Prov. Sulawesi Barat', 'ppa76@mail.com', 'users/November2019/3YXJqf2s2gaILNX6MIXz.JPG', '$2y$10$8APFs.xNXjKWtC6kKTo3SO/2eokzsIcP66PMpJIZNyKEklga6oDZ.', NULL, '{\"locale\":\"id\"}', '2019-11-25 09:30:33', '2019-11-25 13:45:01'),
(48, 2, 'Badan Kesatuan Bangsa dan Politik Prov. Sulawesi Barat', 'kesbangpol76@mail.com', 'users/default.png', '$2y$10$2s8gaocZAOpwYTQnZmIWDOY2NB2bzp9JFjTwDpVzxh8Rt6zEVOooW', 'YIHLRPPcgKAwcyV5oIewBHghS3ZfMUHoMcmSUJelxNSigQK86FlH2dGmRVll', '{\"locale\":\"id\"}', '2019-11-25 09:31:09', '2019-11-25 09:31:09'),
(49, 2, 'Biro Perekonomian dan Administrasi Pembangunan Sekretariat Daerah', 'ekonomi76@mail.com', 'users/default.png', '$2y$10$g9mXIZ2Gdsov5G36b34wPO53XdbtlktOyiNeEAF4wmDPJDdbPaEUq', 'BAkYaOkYWCLYcCm4htXAA1mM99JgbdxSn3JhxImjF6svhqCup3srcFiP5ftG', '{\"locale\":\"id\"}', '2019-11-25 09:36:37', '2019-11-25 09:36:37'),
(50, 2, 'Inspektorat Provinsi Sulawesi Barat', 'inspektorat76@mail.com', 'users/default.png', '$2y$10$V7t9Pq0ihFFjDPlhv8v3g.oiQnKpq3g5e3tMhmV9YyV4SJ/Q8c7BO', NULL, '{\"locale\":\"id\"}', '2019-11-25 09:37:48', '2019-11-25 09:37:48'),
(51, 2, 'Biro Umum, Perlengkapan dan Protokol Sekretariat Daerah', 'umum76@mail.com', 'users/default.png', '$2y$10$ExT3hSc7mTRtx81CeI02ReaLHEmaH6yswzYdxDs2Id3CC/XjSQ2h2', 'k1SxDMFmfbUdiW9a6oANJT2lguV6Z3hfW0U7qve5KeYMoqbmVtxqlhtCNkMF', '{\"locale\":\"id\"}', '2019-11-25 09:39:29', '2019-11-25 09:39:29'),
(52, 2, 'Dinas Komunikasi Informatika Persandian dan Statistik Kabupaten Majene', 'diskominfo7601@mail.com', 'users/default.png', '$2y$10$KM/YDn3/yaQ0DlyzremfIO2ChYm1hf74w8dW4E4fe7VeqW7zFUts6', NULL, '{\"locale\":\"id\"}', '2019-11-25 09:39:42', '2019-11-25 09:39:42'),
(53, 2, 'Dinas Komunikasi Informatika Persandian dan Statistik Kab. Polewali Mandar', 'diskominfo7602@mail.com', 'users/default.png', '$2y$10$aeDQ55dNtV.c2yzjbFt.gejbGKgHBT4BWFTi57WZJVB4zxKMxTobi', NULL, '{\"locale\":\"id\"}', '2019-11-25 09:40:44', '2019-11-25 09:40:44'),
(54, 2, 'Badan Penanggulangan Bencana Daerah Prov. Sulawesi Barat', 'bpbd76@mail.com', 'users/default.png', '$2y$10$75VLsz2mLsYF/LWIjtJ.seP0Ersyp2vICd82xri0zi.oJ.U0bsN5W', NULL, '{\"locale\":\"id\"}', '2019-11-25 09:49:09', '2019-11-25 09:49:09'),
(56, 2, 'Dinas Komunikasi Informatika Persandian dan Statistik Kab. Mamasa', 'diskominfo7603@mail.com', 'users/default.png', '$2y$10$x1dJxszjcAcS.9NHVsikPebWlMAeSp8JEzyGKTK5.gpQWG7X7rvKa', NULL, '{\"locale\":\"id\"}', '2019-11-25 09:53:38', '2019-11-25 09:53:38'),
(57, 2, 'Dinas Komunikasi Informatika Persandian dan Statistik Kab. Mamuju', 'diskominfo7604@mail.com', 'users/default.png', '$2y$10$NMjABYbDaoZthbM8sHWZ1OqTERPRvXTQwqtNROkQ6GTypO/gjeXmm', NULL, '{\"locale\":\"id\"}', '2019-11-25 09:55:25', '2019-11-25 09:55:25'),
(58, 2, 'Dinas Komunikasi Informatika Persandian dan Statistik Kab. Mamuju Tengah', 'diskominfo7606@mail.com', 'users/default.png', '$2y$10$YWDWzlknQuh1LGpz.xI.V.O8gDXX6mV7BQ0Apnv2t0ZtsO2z92DG2', NULL, '{\"locale\":\"id\"}', '2019-11-25 09:56:06', '2019-11-25 09:56:06'),
(59, 2, 'Dinas Komunikasi Informatika Persandian dan Statistik Kab. Pasangkayu', 'diskominfo7605@mail.com', 'users/default.png', '$2y$10$GtcNMEzNDB12x57Su9ipe.iL9OcBjs66clTGiQcAGrRCZ2lCbtko.', NULL, '{\"locale\":\"id\"}', '2019-11-25 09:57:29', '2019-11-25 09:57:29'),
(60, NULL, 'BPKPD', 'bpkpd@mail.com', 'users/default.png', '$2y$10$SuBb3.w.v1MSZsmc8sc/vu4k289l6ZB488ikX8LIMFWZIBsp24HSu', NULL, '{\"locale\":\"id\"}', '2019-11-27 12:34:44', '2019-11-27 12:34:44');

-- --------------------------------------------------------

--
-- Table structure for table `user_roles`
--

CREATE TABLE `user_roles` (
  `user_id` int(10) UNSIGNED NOT NULL,
  `role_id` bigint(20) UNSIGNED NOT NULL
) ENGINE=InnoDB DEFAULT CHARSET=utf8mb4 COLLATE=utf8mb4_unicode_ci;

--
-- Dumping data for table `user_roles`
--

INSERT INTO `user_roles` (`user_id`, `role_id`) VALUES
(31, 2);

-- --------------------------------------------------------

--
-- Table structure for table `verifications`
--

CREATE TABLE `verifications` (
  `id` int(10) UNSIGNED NOT NULL,
  `template_id` int(10) UNSIGNED NOT NULL,
  `year` int(11) NOT NULL,
  `check` tinyint(1) NOT NULL,
  `status` tinyint(1) NOT NULL,
  `created_at` timestamp NULL DEFAULT NULL,
  `updated_at` timestamp NULL DEFAULT NULL,
  `date_check` longtext CHARACTER SET utf8mb4 COLLATE utf8mb4_bin DEFAULT NULL,
  `supervisor` longtext CHARACTER SET utf8mb4 COLLATE utf8mb4_bin DEFAULT NULL,
  `note` longtext CHARACTER SET utf8mb4 COLLATE utf8mb4_bin DEFAULT NULL
) ENGINE=InnoDB DEFAULT CHARSET=utf8mb4 COLLATE=utf8mb4_unicode_ci;

--
-- Dumping data for table `verifications`
--

INSERT INTO `verifications` (`id`, `template_id`, `year`, `check`, `status`, `created_at`, `updated_at`, `date_check`, `supervisor`, `note`) VALUES
(1, 21, 2017, 1, 1, '2019-08-26 02:49:10', '2019-10-22 07:34:01', '[{\"date\":\"2019-08-26 09:01:17.384014\",\"timezone_type\":3,\"timezone\":\"UTC\"},{\"date\":\"2019-10-22 07:34:01.319786\",\"timezone_type\":3,\"timezone\":\"UTC\"}]', '[23,23]', '[\"Tidak Ada Catatan\",\"Tidak Ada Catatan\"]'),
(2, 27, 2018, 1, 1, '2019-08-28 05:34:59', '2019-08-28 06:03:01', '[{\"date\":\"2019-08-28 06:03:01.391051\",\"timezone_type\":3,\"timezone\":\"UTC\"}]', '[23]', '[\"Tidak Ada Catatan\"]'),
(3, 30, 2018, 1, 1, '2019-08-28 06:02:24', '2019-10-09 09:22:10', '[{\"date\":\"2019-10-09 09:22:10.552724\",\"timezone_type\":3,\"timezone\":\"UTC\"}]', '[23]', '[\"Tidak Ada Catatan\"]'),
(4, 11, 2018, 1, 1, '2019-10-09 08:48:47', '2019-10-09 09:22:50', '[{\"date\":\"2019-10-09 09:22:50.342783\",\"timezone_type\":3,\"timezone\":\"UTC\"}]', '[23]', '[\"Tidak Ada Catatan\"]'),
(5, 12, 2018, 1, 1, '2019-10-09 08:59:41', '2019-10-09 09:24:20', '[{\"date\":\"2019-10-09 09:24:20.840245\",\"timezone_type\":3,\"timezone\":\"UTC\"}]', '[23]', '[\"Tidak Ada Catatan\"]'),
(6, 13, 2018, 1, 1, '2019-10-09 09:03:40', '2019-10-09 09:24:30', '[{\"date\":\"2019-10-09 09:24:30.540306\",\"timezone_type\":3,\"timezone\":\"UTC\"}]', '[23]', '[\"Tidak Ada Catatan\"]'),
(7, 14, 2018, 1, 1, '2019-10-09 09:06:25', '2019-10-09 09:24:39', '[{\"date\":\"2019-10-09 09:24:39.410136\",\"timezone_type\":3,\"timezone\":\"UTC\"}]', '[23]', '[\"Tidak Ada Catatan\"]'),
(8, 15, 2018, 1, 1, '2019-10-09 09:08:05', '2019-10-09 09:24:08', '[{\"date\":\"2019-10-09 09:24:08.990818\",\"timezone_type\":3,\"timezone\":\"UTC\"}]', '[23]', '[\"Tidak Ada Catatan\"]'),
(9, 16, 2018, 1, 1, '2019-10-09 09:12:29', '2019-10-09 09:24:55', '[{\"date\":\"2019-10-09 09:24:55.366971\",\"timezone_type\":3,\"timezone\":\"UTC\"}]', '[23]', '[\"Tidak Ada Catatan\"]'),
(10, 17, 2018, 1, 1, '2019-10-09 09:15:59', '2019-10-09 09:25:03', '[{\"date\":\"2019-10-09 09:25:03.607497\",\"timezone_type\":3,\"timezone\":\"UTC\"}]', '[23]', '[\"Tidak Ada Catatan\"]'),
(11, 19, 2018, 1, 1, '2019-10-09 09:20:07', '2019-10-09 09:25:12', '[{\"date\":\"2019-10-09 09:25:12.699963\",\"timezone_type\":3,\"timezone\":\"UTC\"}]', '[23]', '[\"Tidak Ada Catatan\"]'),
(12, 20, 2018, 1, 1, '2019-10-09 09:21:34', '2019-10-09 09:24:47', '[{\"date\":\"2019-10-09 09:24:47.714702\",\"timezone_type\":3,\"timezone\":\"UTC\"}]', '[23]', '[\"Tidak Ada Catatan\"]'),
(13, 33, 2018, 1, 1, '2019-10-09 11:06:48', '2019-10-09 11:17:17', '[{\"date\":\"2019-10-09 11:17:17.692940\",\"timezone_type\":3,\"timezone\":\"UTC\"}]', '[23]', '[\"Tidak Ada Catatan\"]'),
(14, 52, 2018, 1, 1, '2019-10-09 11:15:27', '2019-10-09 11:17:46', '[{\"date\":\"2019-10-09 11:17:46.539055\",\"timezone_type\":3,\"timezone\":\"UTC\"}]', '[23]', '[\"Tidak Ada Catatan\"]'),
(15, 49, 2018, 1, 1, '2019-10-09 11:16:13', '2019-10-09 11:17:04', '[{\"date\":\"2019-10-09 11:17:04.218261\",\"timezone_type\":3,\"timezone\":\"UTC\"}]', '[23]', '[\"Tidak Ada Catatan\"]'),
(16, 34, 2018, 1, 1, '2019-10-09 11:18:12', '2019-10-09 11:53:26', '[{\"date\":\"2019-10-09 11:53:26.958914\",\"timezone_type\":3,\"timezone\":\"UTC\"}]', '[23]', '[\"Tidak Ada Catatan\"]'),
(17, 53, 2018, 1, 1, '2019-10-09 11:18:33', '2019-10-09 11:53:44', '[{\"date\":\"2019-10-09 11:53:44.713106\",\"timezone_type\":3,\"timezone\":\"UTC\"}]', '[23]', '[\"Tidak Ada Catatan\"]'),
(18, 54, 2018, 1, 1, '2019-10-09 11:19:22', '2019-10-09 11:52:51', '[{\"date\":\"2019-10-09 11:52:51.522175\",\"timezone_type\":3,\"timezone\":\"UTC\"}]', '[23]', '[\"Tidak Ada Catatan\"]'),
(19, 50, 2018, 1, 1, '2019-10-09 11:22:00', '2019-10-09 11:54:09', '[{\"date\":\"2019-10-09 11:54:09.545458\",\"timezone_type\":3,\"timezone\":\"UTC\"}]', '[23]', '[\"Tidak Ada Catatan\"]'),
(20, 2, 2018, 1, 1, '2019-10-09 11:22:11', '2019-10-09 11:53:58', '[{\"date\":\"2019-10-09 11:53:58.552153\",\"timezone_type\":3,\"timezone\":\"UTC\"}]', '[23]', '[\"Tidak Ada Catatan\"]'),
(21, 8, 2018, 1, 1, '2019-10-09 11:25:27', '2019-10-09 11:54:37', '[{\"date\":\"2019-10-09 11:54:37.490402\",\"timezone_type\":3,\"timezone\":\"UTC\"}]', '[23]', '[\"Tidak Ada Catatan\"]'),
(22, 47, 2018, 1, 1, '2019-10-09 11:27:39', '2019-10-09 11:54:48', '[{\"date\":\"2019-10-09 11:54:48.525430\",\"timezone_type\":3,\"timezone\":\"UTC\"}]', '[23]', '[\"Tidak Ada Catatan\"]'),
(23, 48, 2018, 1, 1, '2019-10-09 11:31:31', '2019-10-09 11:54:22', '[{\"date\":\"2019-10-09 11:54:22.329445\",\"timezone_type\":3,\"timezone\":\"UTC\"}]', '[23]', '[\"Tidak Ada Catatan\"]'),
(24, 37, 2018, 1, 1, '2019-10-09 11:38:48', '2019-10-09 11:40:44', '[{\"date\":\"2019-10-09 11:40:44.953743\",\"timezone_type\":3,\"timezone\":\"UTC\"}]', '[23]', '[\"Tidak Ada Catatan\"]'),
(25, 46, 2018, 1, 1, '2019-10-09 11:41:22', '2019-10-09 11:55:01', '[{\"date\":\"2019-10-09 11:55:01.729502\",\"timezone_type\":3,\"timezone\":\"UTC\"}]', '[23]', '[\"Tidak Ada Catatan\"]'),
(26, 61, 2018, 1, 1, '2019-10-09 11:43:09', '2019-10-09 11:55:19', '[{\"date\":\"2019-10-09 11:55:19.174445\",\"timezone_type\":3,\"timezone\":\"UTC\"}]', '[23]', '[\"Tidak Ada Catatan\"]'),
(27, 63, 2018, 1, 1, '2019-10-09 11:44:08', '2019-10-09 11:55:32', '[{\"date\":\"2019-10-09 11:55:32.745683\",\"timezone_type\":3,\"timezone\":\"UTC\"}]', '[23]', '[\"Tidak Ada Catatan\"]'),
(28, 42, 2017, 1, 1, '2019-10-09 11:46:04', '2019-10-09 11:56:14', '[{\"date\":\"2019-10-09 11:56:14.628307\",\"timezone_type\":3,\"timezone\":\"UTC\"}]', '[23]', '[\"Tidak Ada Catatan\"]'),
(29, 44, 2018, 1, 1, '2019-10-09 11:48:46', '2019-10-09 11:56:00', '[{\"date\":\"2019-10-09 11:56:00.432014\",\"timezone_type\":3,\"timezone\":\"UTC\"}]', '[23]', '[\"Tidak Ada Catatan\"]'),
(30, 55, 2018, 1, 1, '2019-10-09 11:49:09', '2019-10-09 11:56:58', '[{\"date\":\"2019-10-09 11:56:58.807100\",\"timezone_type\":3,\"timezone\":\"UTC\"}]', '[23]', '[\"Tidak Ada Catatan\"]'),
(31, 43, 2018, 1, 1, '2019-10-09 11:52:23', '2019-10-09 11:55:49', '[{\"date\":\"2019-10-09 11:55:49.274401\",\"timezone_type\":3,\"timezone\":\"UTC\"}]', '[23]', '[\"Tidak Ada Catatan\"]'),
(32, 56, 2018, 1, 1, '2019-10-09 11:53:59', '2019-10-09 11:58:12', '[{\"date\":\"2019-10-09 11:58:12.291921\",\"timezone_type\":3,\"timezone\":\"UTC\"}]', '[23]', '[\"Tidak Ada Catatan\"]'),
(33, 58, 2017, 1, 1, '2019-10-09 11:54:03', '2019-10-09 11:57:13', '[{\"date\":\"2019-10-09 11:57:13.939301\",\"timezone_type\":3,\"timezone\":\"UTC\"}]', '[23]', '[\"Tidak Ada Catatan\"]'),
(34, 40, 2018, 1, 1, '2019-10-09 11:54:36', '2019-10-09 11:58:37', '[{\"date\":\"2019-10-09 11:58:37.793689\",\"timezone_type\":3,\"timezone\":\"UTC\"}]', '[23]', '[\"Tidak Ada Catatan\"]'),
(35, 57, 2018, 1, 1, '2019-10-09 11:57:23', '2019-10-09 12:09:00', '[{\"date\":\"2019-10-09 11:58:26.432050\",\"timezone_type\":3,\"timezone\":\"UTC\"},{\"date\":\"2019-10-09 12:09:00.262426\",\"timezone_type\":3,\"timezone\":\"UTC\"}]', '[23,23]', '[\"Tidak Ada Catatan\",\"Tidak Ada Catatan\"]'),
(36, 59, 2018, 1, 1, '2019-10-09 12:01:09', '2019-10-09 12:09:21', '[{\"date\":\"2019-10-09 12:09:21.309864\",\"timezone_type\":3,\"timezone\":\"UTC\"}]', '[23]', '[\"Tidak Ada Catatan\"]'),
(37, 38, 2018, 1, 1, '2019-10-09 12:04:54', '2019-10-09 12:09:11', '[{\"date\":\"2019-10-09 12:09:11.483435\",\"timezone_type\":3,\"timezone\":\"UTC\"}]', '[23]', '[\"Tidak Ada Catatan\"]'),
(38, 64, 2018, 1, 1, '2019-10-09 12:08:22', '2019-10-09 12:09:33', '[{\"date\":\"2019-10-09 12:09:33.107831\",\"timezone_type\":3,\"timezone\":\"UTC\"}]', '[23]', '[\"Tidak Ada Catatan\"]'),
(39, 66, 2018, 1, 1, '2019-10-09 12:09:21', '2019-10-09 12:09:45', '[{\"date\":\"2019-10-09 12:09:45.688845\",\"timezone_type\":3,\"timezone\":\"UTC\"}]', '[23]', '[\"Tidak Ada Catatan\"]'),
(40, 39, 2018, 1, 1, '2019-10-09 12:11:27', '2019-10-09 12:35:02', '[{\"date\":\"2019-10-09 12:35:02.209942\",\"timezone_type\":3,\"timezone\":\"UTC\"}]', '[23]', '[\"Tidak Ada Catatan\"]'),
(41, 67, 2018, 1, 1, '2019-10-09 12:17:01', '2019-10-09 12:33:59', '[{\"date\":\"2019-10-09 12:33:59.132802\",\"timezone_type\":3,\"timezone\":\"UTC\"}]', '[23]', '[\"Tidak Ada Catatan\"]'),
(42, 69, 2018, 1, 1, '2019-10-09 12:28:09', '2019-10-09 12:35:21', '[{\"date\":\"2019-10-09 12:35:21.398895\",\"timezone_type\":3,\"timezone\":\"UTC\"}]', '[23]', '[\"Tidak Ada Catatan\"]'),
(43, 73, 2018, 1, 1, '2019-10-09 12:30:20', '2019-10-09 12:33:41', '[{\"date\":\"2019-10-09 12:33:41.495441\",\"timezone_type\":3,\"timezone\":\"UTC\"}]', '[23]', '[\"Tidak Ada Catatan\"]'),
(44, 70, 2018, 1, 1, '2019-10-09 12:30:21', '2019-10-09 12:35:56', '[{\"date\":\"2019-10-09 12:35:56.043792\",\"timezone_type\":3,\"timezone\":\"UTC\"}]', '[23]', '[\"Tidak Ada Catatan\"]'),
(45, 74, 2018, 1, 1, '2019-10-09 12:33:02', '2019-10-09 12:35:39', '[{\"date\":\"2019-10-09 12:35:39.310152\",\"timezone_type\":3,\"timezone\":\"UTC\"}]', '[23]', '[\"Tidak Ada Catatan\"]'),
(46, 76, 2018, 1, 1, '2019-10-09 12:36:58', '2019-10-09 12:53:15', '[{\"date\":\"2019-10-09 12:53:15.476424\",\"timezone_type\":3,\"timezone\":\"UTC\"}]', '[23]', '[\"Tidak Ada Catatan\"]'),
(47, 41, 2018, 1, 1, '2019-10-09 12:40:20', '2019-10-09 12:54:05', '[{\"date\":\"2019-10-09 12:54:05.997983\",\"timezone_type\":3,\"timezone\":\"UTC\"}]', '[23]', '[\"Tidak Ada Catatan\"]'),
(48, 78, 2018, 1, 1, '2019-10-09 12:41:40', '2019-10-09 12:53:41', '[{\"date\":\"2019-10-09 12:53:41.044897\",\"timezone_type\":3,\"timezone\":\"UTC\"}]', '[23]', '[\"Tidak Ada Catatan\"]'),
(49, 65, 2018, 1, 1, '2019-10-09 12:42:03', '2019-10-09 12:54:28', '[{\"date\":\"2019-10-09 12:54:28.860886\",\"timezone_type\":3,\"timezone\":\"UTC\"}]', '[23]', '[\"Tidak Ada Catatan\"]'),
(50, 77, 2018, 1, 1, '2019-10-09 12:42:25', '2019-10-09 12:56:11', '[{\"date\":\"2019-10-09 12:56:11.429198\",\"timezone_type\":3,\"timezone\":\"UTC\"}]', '[23]', '[\"Tidak Ada Catatan\"]'),
(51, 72, 2018, 1, 1, '2019-10-09 12:43:46', '2019-10-09 12:54:48', '[{\"date\":\"2019-10-09 12:54:48.104542\",\"timezone_type\":3,\"timezone\":\"UTC\"}]', '[23]', '[\"Tidak Ada Catatan\"]'),
(52, 79, 2018, 1, 1, '2019-10-09 12:51:03', '2019-10-09 12:55:30', '[{\"date\":\"2019-10-09 12:55:30.516364\",\"timezone_type\":3,\"timezone\":\"UTC\"}]', '[23]', '[\"Tidak Ada Catatan\"]'),
(53, 80, 2018, 1, 1, '2019-10-09 12:52:42', '2019-10-09 12:55:07', '[{\"date\":\"2019-10-09 12:55:07.974722\",\"timezone_type\":3,\"timezone\":\"UTC\"}]', '[23]', '[\"Tidak Ada Catatan\"]'),
(55, 85, 2018, 0, 0, '2019-11-22 16:21:30', '2019-11-22 16:21:30', '[]', '[]', '[]'),
(56, 89, 2019, 1, 1, '2019-11-22 17:01:28', '2019-11-25 13:48:12', '[{\"date\":\"2019-11-25 13:48:12.041993\",\"timezone_type\":3,\"timezone\":\"Asia\\/Makassar\"}]', '[23]', '[\"Tidak Ada Catatan\"]'),
(57, 85, 2019, 0, 0, '2019-11-22 17:07:53', '2019-11-22 17:07:53', '[]', '[]', '[]'),
(58, 85, 2017, 0, 0, '2019-11-22 17:08:15', '2019-11-22 17:08:15', '[]', '[]', '[]'),
(59, 3, 2019, 1, 1, '2019-11-25 13:57:42', '2019-12-26 09:45:19', '[{\"date\":\"2019-12-26 09:45:19.644623\",\"timezone_type\":3,\"timezone\":\"Asia\\/Makassar\"}]', '[23]', '[\"Tidak Ada Catatan\"]'),
(60, 61, 2015, 0, 0, '2019-11-25 14:19:13', '2019-11-25 14:19:13', '[]', '[]', '[]'),
(61, 20, 2017, 0, 0, '2019-11-25 14:24:28', '2019-11-25 14:24:28', '[]', '[]', '[]'),
(62, 4, 2019, 1, 1, '2019-11-25 14:25:07', '2019-12-26 09:45:09', '[{\"date\":\"2019-12-26 09:45:09.050519\",\"timezone_type\":3,\"timezone\":\"Asia\\/Makassar\"}]', '[23]', '[\"Tidak Ada Catatan\"]'),
(63, 38, 2017, 0, 0, '2019-11-25 14:30:43', '2019-11-25 14:30:43', '[]', '[]', '[]'),
(64, 5, 2019, 1, 1, '2019-11-25 14:41:40', '2019-12-26 09:44:42', '[{\"date\":\"2019-12-26 09:44:42.944971\",\"timezone_type\":3,\"timezone\":\"Asia\\/Makassar\"}]', '[23]', '[\"Tidak Ada Catatan\"]'),
(65, 90, 2019, 0, 0, '2019-11-25 15:18:13', '2019-11-25 15:18:13', '[]', '[]', '[]'),
(66, 10, 2019, 0, 0, '2019-11-27 11:50:39', '2019-11-27 11:50:39', '[]', '[]', '[]'),
(67, 9, 2019, 0, 0, '2019-11-27 12:02:02', '2019-11-27 12:02:02', '[]', '[]', '[]'),
(68, 11, 2017, 0, 0, '2019-11-29 16:04:23', '2019-11-29 16:04:23', '[]', '[]', '[]'),
(69, 98, 2018, 0, 0, '2019-12-05 23:43:03', '2019-12-05 23:43:03', '[]', '[]', '[]'),
(70, 93, 2019, 0, 0, '2019-12-17 16:07:16', '2019-12-17 16:07:16', '[]', '[]', '[]');

--
-- Indexes for dumped tables
--

--
-- Indexes for table `categories`
--
ALTER TABLE `categories`
  ADD PRIMARY KEY (`id`),
  ADD UNIQUE KEY `categories_slug_unique` (`slug`),
  ADD KEY `categories_parent_id_foreign` (`parent_id`);

--
-- Indexes for table `columns`
--
ALTER TABLE `columns`
  ADD PRIMARY KEY (`id`);

--
-- Indexes for table `column_details`
--
ALTER TABLE `column_details`
  ADD PRIMARY KEY (`id`),
  ADD KEY `item_kolom_kolom_id_foreign` (`column_id`);

--
-- Indexes for table `data`
--
ALTER TABLE `data`
  ADD PRIMARY KEY (`id`);

--
-- Indexes for table `data_rows`
--
ALTER TABLE `data_rows`
  ADD PRIMARY KEY (`id`),
  ADD KEY `data_rows_data_type_id_foreign` (`data_type_id`);

--
-- Indexes for table `data_types`
--
ALTER TABLE `data_types`
  ADD PRIMARY KEY (`id`),
  ADD UNIQUE KEY `data_types_name_unique` (`name`),
  ADD UNIQUE KEY `data_types_slug_unique` (`slug`);

--
-- Indexes for table `menus`
--
ALTER TABLE `menus`
  ADD PRIMARY KEY (`id`),
  ADD UNIQUE KEY `menus_name_unique` (`name`);

--
-- Indexes for table `menu_items`
--
ALTER TABLE `menu_items`
  ADD PRIMARY KEY (`id`),
  ADD KEY `menu_items_menu_id_foreign` (`menu_id`);

--
-- Indexes for table `migrations`
--
ALTER TABLE `migrations`
  ADD PRIMARY KEY (`id`);

--
-- Indexes for table `pages`
--
ALTER TABLE `pages`
  ADD PRIMARY KEY (`id`),
  ADD UNIQUE KEY `pages_slug_unique` (`slug`);

--
-- Indexes for table `password_resets`
--
ALTER TABLE `password_resets`
  ADD KEY `password_resets_email_index` (`email`);

--
-- Indexes for table `permissions`
--
ALTER TABLE `permissions`
  ADD PRIMARY KEY (`id`),
  ADD KEY `permissions_key_index` (`key`);

--
-- Indexes for table `permission_role`
--
ALTER TABLE `permission_role`
  ADD PRIMARY KEY (`permission_id`,`role_id`),
  ADD KEY `permission_role_permission_id_index` (`permission_id`),
  ADD KEY `permission_role_role_id_index` (`role_id`);

--
-- Indexes for table `posts`
--
ALTER TABLE `posts`
  ADD PRIMARY KEY (`id`),
  ADD UNIQUE KEY `posts_slug_unique` (`slug`);

--
-- Indexes for table `roles`
--
ALTER TABLE `roles`
  ADD PRIMARY KEY (`id`),
  ADD UNIQUE KEY `roles_name_unique` (`name`);

--
-- Indexes for table `rows`
--
ALTER TABLE `rows`
  ADD PRIMARY KEY (`id`);

--
-- Indexes for table `row_details`
--
ALTER TABLE `row_details`
  ADD PRIMARY KEY (`id`),
  ADD KEY `item_baris_baris_id_foreign` (`row_id`);

--
-- Indexes for table `settings`
--
ALTER TABLE `settings`
  ADD PRIMARY KEY (`id`),
  ADD UNIQUE KEY `settings_key_unique` (`key`);

--
-- Indexes for table `templates`
--
ALTER TABLE `templates`
  ADD PRIMARY KEY (`id`);

--
-- Indexes for table `templates_columns`
--
ALTER TABLE `templates_columns`
  ADD PRIMARY KEY (`template_id`,`column_id`),
  ADD KEY `indikator_kolom_indikator_id_index` (`template_id`),
  ADD KEY `indikator_kolom_kolom_id_index` (`column_id`);

--
-- Indexes for table `template_data`
--
ALTER TABLE `template_data`
  ADD PRIMARY KEY (`id`);

--
-- Indexes for table `translations`
--
ALTER TABLE `translations`
  ADD PRIMARY KEY (`id`),
  ADD UNIQUE KEY `translations_table_name_column_name_foreign_key_locale_unique` (`table_name`,`column_name`,`foreign_key`,`locale`);

--
-- Indexes for table `users`
--
ALTER TABLE `users`
  ADD PRIMARY KEY (`id`),
  ADD UNIQUE KEY `users_email_unique` (`email`),
  ADD KEY `users_role_id_foreign` (`role_id`);

--
-- Indexes for table `user_roles`
--
ALTER TABLE `user_roles`
  ADD PRIMARY KEY (`user_id`,`role_id`),
  ADD KEY `user_roles_user_id_index` (`user_id`),
  ADD KEY `user_roles_role_id_index` (`role_id`);

--
-- Indexes for table `verifications`
--
ALTER TABLE `verifications`
  ADD PRIMARY KEY (`id`);

--
-- AUTO_INCREMENT for dumped tables
--

--
-- AUTO_INCREMENT for table `categories`
--
ALTER TABLE `categories`
  MODIFY `id` int(10) UNSIGNED NOT NULL AUTO_INCREMENT, AUTO_INCREMENT=3;

--
-- AUTO_INCREMENT for table `columns`
--
ALTER TABLE `columns`
  MODIFY `id` int(10) UNSIGNED NOT NULL AUTO_INCREMENT, AUTO_INCREMENT=190;

--
-- AUTO_INCREMENT for table `column_details`
--
ALTER TABLE `column_details`
  MODIFY `id` int(10) UNSIGNED NOT NULL AUTO_INCREMENT, AUTO_INCREMENT=520;

--
-- AUTO_INCREMENT for table `data`
--
ALTER TABLE `data`
  MODIFY `id` int(10) UNSIGNED NOT NULL AUTO_INCREMENT, AUTO_INCREMENT=2652;

--
-- AUTO_INCREMENT for table `data_rows`
--
ALTER TABLE `data_rows`
  MODIFY `id` int(10) UNSIGNED NOT NULL AUTO_INCREMENT, AUTO_INCREMENT=166;

--
-- AUTO_INCREMENT for table `data_types`
--
ALTER TABLE `data_types`
  MODIFY `id` int(10) UNSIGNED NOT NULL AUTO_INCREMENT, AUTO_INCREMENT=21;

--
-- AUTO_INCREMENT for table `menus`
--
ALTER TABLE `menus`
  MODIFY `id` int(10) UNSIGNED NOT NULL AUTO_INCREMENT, AUTO_INCREMENT=2;

--
-- AUTO_INCREMENT for table `menu_items`
--
ALTER TABLE `menu_items`
  MODIFY `id` int(10) UNSIGNED NOT NULL AUTO_INCREMENT, AUTO_INCREMENT=28;

--
-- AUTO_INCREMENT for table `migrations`
--
ALTER TABLE `migrations`
  MODIFY `id` int(10) UNSIGNED NOT NULL AUTO_INCREMENT, AUTO_INCREMENT=60;

--
-- AUTO_INCREMENT for table `pages`
--
ALTER TABLE `pages`
  MODIFY `id` int(10) UNSIGNED NOT NULL AUTO_INCREMENT, AUTO_INCREMENT=2;

--
-- AUTO_INCREMENT for table `permissions`
--
ALTER TABLE `permissions`
  MODIFY `id` bigint(20) UNSIGNED NOT NULL AUTO_INCREMENT, AUTO_INCREMENT=107;

--
-- AUTO_INCREMENT for table `posts`
--
ALTER TABLE `posts`
  MODIFY `id` int(10) UNSIGNED NOT NULL AUTO_INCREMENT, AUTO_INCREMENT=5;

--
-- AUTO_INCREMENT for table `roles`
--
ALTER TABLE `roles`
  MODIFY `id` bigint(20) UNSIGNED NOT NULL AUTO_INCREMENT, AUTO_INCREMENT=4;

--
-- AUTO_INCREMENT for table `rows`
--
ALTER TABLE `rows`
  MODIFY `id` int(10) UNSIGNED NOT NULL AUTO_INCREMENT, AUTO_INCREMENT=58;

--
-- AUTO_INCREMENT for table `row_details`
--
ALTER TABLE `row_details`
  MODIFY `id` int(10) UNSIGNED NOT NULL AUTO_INCREMENT, AUTO_INCREMENT=252;

--
-- AUTO_INCREMENT for table `settings`
--
ALTER TABLE `settings`
  MODIFY `id` int(10) UNSIGNED NOT NULL AUTO_INCREMENT, AUTO_INCREMENT=11;

--
-- AUTO_INCREMENT for table `templates`
--
ALTER TABLE `templates`
  MODIFY `id` int(10) UNSIGNED NOT NULL AUTO_INCREMENT, AUTO_INCREMENT=102;

--
-- AUTO_INCREMENT for table `template_data`
--
ALTER TABLE `template_data`
  MODIFY `id` int(10) UNSIGNED NOT NULL AUTO_INCREMENT, AUTO_INCREMENT=71;

--
-- AUTO_INCREMENT for table `translations`
--
ALTER TABLE `translations`
  MODIFY `id` int(10) UNSIGNED NOT NULL AUTO_INCREMENT, AUTO_INCREMENT=31;

--
-- AUTO_INCREMENT for table `users`
--
ALTER TABLE `users`
  MODIFY `id` int(10) UNSIGNED NOT NULL AUTO_INCREMENT, AUTO_INCREMENT=63;

--
-- AUTO_INCREMENT for table `verifications`
--
ALTER TABLE `verifications`
  MODIFY `id` int(10) UNSIGNED NOT NULL AUTO_INCREMENT, AUTO_INCREMENT=71;

--
-- Constraints for dumped tables
--

--
-- Constraints for table `categories`
--
ALTER TABLE `categories`
  ADD CONSTRAINT `categories_parent_id_foreign` FOREIGN KEY (`parent_id`) REFERENCES `categories` (`id`) ON DELETE SET NULL ON UPDATE CASCADE;

--
-- Constraints for table `column_details`
--
ALTER TABLE `column_details`
  ADD CONSTRAINT `item_columns_column_id_foreign` FOREIGN KEY (`column_id`) REFERENCES `columns` (`id`) ON UPDATE CASCADE;

--
-- Constraints for table `data_rows`
--
ALTER TABLE `data_rows`
  ADD CONSTRAINT `data_rows_data_type_id_foreign` FOREIGN KEY (`data_type_id`) REFERENCES `data_types` (`id`) ON DELETE CASCADE ON UPDATE CASCADE;

--
-- Constraints for table `menu_items`
--
ALTER TABLE `menu_items`
  ADD CONSTRAINT `menu_items_menu_id_foreign` FOREIGN KEY (`menu_id`) REFERENCES `menus` (`id`) ON DELETE CASCADE;

--
-- Constraints for table `permission_role`
--
ALTER TABLE `permission_role`
  ADD CONSTRAINT `permission_role_permission_id_foreign` FOREIGN KEY (`permission_id`) REFERENCES `permissions` (`id`) ON DELETE CASCADE,
  ADD CONSTRAINT `permission_role_role_id_foreign` FOREIGN KEY (`role_id`) REFERENCES `roles` (`id`) ON DELETE CASCADE;

--
-- Constraints for table `row_details`
--
ALTER TABLE `row_details`
  ADD CONSTRAINT `item_rows_row_id_foreign` FOREIGN KEY (`row_id`) REFERENCES `rows` (`id`);

--
-- Constraints for table `templates_columns`
--
ALTER TABLE `templates_columns`
  ADD CONSTRAINT `templates_columns_column_id_foreign` FOREIGN KEY (`column_id`) REFERENCES `columns` (`id`) ON DELETE CASCADE,
  ADD CONSTRAINT `templates_columns_template_id_foreign` FOREIGN KEY (`template_id`) REFERENCES `templates` (`id`) ON DELETE CASCADE;

--
-- Constraints for table `users`
--
ALTER TABLE `users`
  ADD CONSTRAINT `users_role_id_foreign` FOREIGN KEY (`role_id`) REFERENCES `roles` (`id`);

--
-- Constraints for table `user_roles`
--
ALTER TABLE `user_roles`
  ADD CONSTRAINT `user_roles_role_id_foreign` FOREIGN KEY (`role_id`) REFERENCES `roles` (`id`) ON DELETE CASCADE,
  ADD CONSTRAINT `user_roles_user_id_foreign` FOREIGN KEY (`user_id`) REFERENCES `users` (`id`) ON DELETE CASCADE;
COMMIT;

/*!40101 SET CHARACTER_SET_CLIENT=@OLD_CHARACTER_SET_CLIENT */;
/*!40101 SET CHARACTER_SET_RESULTS=@OLD_CHARACTER_SET_RESULTS */;
/*!40101 SET COLLATION_CONNECTION=@OLD_COLLATION_CONNECTION */;
